Gender,College,Churn,Level,Education_Level,Residence,SIM_Usage,Usage_Freq,Network_Strength,Voice_Calls,Mobile_Data_Internet,SMS_Text_Messaging,Data_Exhaustion,Multiple_Networks,Poor_Network_Quality_Coverage,Insufficient_Data_Allowance,Unsatisfactory_Customer_Service,High_Costs_Pricing,Monthly_Data_Usage
Male,College of Engineering,Yes,600,Undergraduate,Off-campus,Yes,Several times a week,2,Yes,Yes,No,Yes,Yes,Yes,Yes,Yes,Yes,1.16
Female,College of Engineering,Yes,100,Undergraduate,Off-campus,No,Several times a week,3,Yes,Yes,No,No,Yes,Yes,Yes,Yes,Yes,5.4
Female,College of Engineering,Yes,200,Undergraduate,On-campus,Yes,Daily,5,Yes,Yes,No,No,Yes,Yes,Yes,Yes,Yes,5.06
Female,College of Engineering,No,100,Undergraduate,On-campus,No,Daily,5,Yes,Yes,Yes,Yes,Yes,Yes,No,Yes,Yes,3.56
Male,College of Engineering,Yes,100,Undergraduate,Off-campus,Yes,Daily,3,Yes,Yes,No,No,Yes,Yes,Yes,Yes,Yes,4.53
Female,College of Engineering,Yes,500,Undergraduate,Off-campus,No,Several times a week,2,Yes,No,No,No,Yes,Yes,Yes,Yes,Yes,4.08
Female,College of Engineering,Yes,300,Undergraduate,Off-campus,Yes,Occasionally,5,Yes,Yes,No,Yes,Yes,Yes,Yes,Yes,Yes,14.53
Male,College of Engineering,Yes,400,Undergraduate,Off-campus,Yes,Several times a week,1,Yes,Yes,No,No,Yes,Yes,Yes,Yes,Yes,4.68
Male,College of Engineering,No,600,Undergraduate,On-campus,No,Daily,2,Yes,Yes,Yes,No,Yes,Yes,No,Yes,No,2.72
Male,College of Engineering,No,400,Undergraduate,Off-campus,Yes,Daily,5,Yes,Yes,No,Yes,Yes,Yes,No,No,Yes,0.55
Female,College of Engineering,Yes,200,Undergraduate,Off-campus,Yes,Occasionally,4,Yes,No,Yes,Yes,Yes,Yes,Yes,Yes,Yes,2.06
Female,College of Engineering,Yes,200,Undergraduate,On-campus,No,Daily,4,Yes,Yes,Yes,No,Yes,Yes,Yes,Yes,Yes,4.58
Male,College of Engineering,Yes,400,Undergraduate,Off-campus,No,Several times a week,2,Yes,Yes,Yes,No,Yes,Yes,Yes,Yes,Yes,2.86
Male,College of Engineering,Yes,500,Undergraduate,Off-campus,Yes,Occasionally,2,Yes,No,No,No,Yes,Yes,Yes,Yes,Yes,2.13
Female,College of Engineering,Yes,200,Undergraduate,On-campus,Yes,Daily,5,Yes,Yes,Yes,No,Yes,Yes,Yes,Yes,Yes,1.57
Female,College of Engineering,Yes,100,Undergraduate,On-campus,No,Several times a week,5,Yes,No,No,Yes,Yes,Yes,Yes,Yes,Yes,7.96
Male,College of Engineering,Yes,300,Undergraduate,Off-campus,Yes,Never,3,Yes,Yes,Yes,No,Yes,Yes,Yes,Yes,Yes,7.79
Female,College of Engineering,Yes,200,Undergraduate,On-campus,No,Daily,1,No,Yes,Yes,No,No,Yes,Yes,Yes,Yes,5.65
Female,College of Engineering,No,500,Undergraduate,On-campus,Yes,Occasionally,3,Yes,Yes,No,No,No,No,Yes,No,No,3.27
Female,College of Engineering,Yes,300,Undergraduate,Off-campus,No,Daily,3,No,Yes,No,No,No,Yes,Yes,Yes,Yes,4.03
Female,College of Engineering,Yes,500,Undergraduate,On-campus,No,Occasionally,3,Yes,Yes,Yes,No,Yes,Yes,Yes,Yes,Yes,2.45
Male,College of Engineering,No,200,Undergraduate,On-campus,No,Daily,3,Yes,Yes,Yes,No,Yes,Yes,No,Yes,No,7.34
Male,College of Engineering,Yes,300,Undergraduate,Off-campus,Yes,Several times a week,2,Yes,Yes,Yes,No,Yes,Yes,Yes,Yes,Yes,7.77
Female,College of Engineering,No,200,Undergraduate,On-campus,Yes,Daily,3,Yes,Yes,Yes,No,Yes,Yes,Yes,Yes,No,3.91
Female,College of Engineering,Yes,100,Undergraduate,Off-campus,Yes,Daily,5,Yes,Yes,No,Yes,Yes,Yes,Yes,Yes,Yes,2.95
Male,College of Engineering,Yes,600,Undergraduate,Off-campus,No,Several times a week,2,Yes,Yes,No,Yes,Yes,Yes,Yes,Yes,Yes,3.58
Female,College of Engineering,No,400,Undergraduate,Off-campus,Yes,Daily,5,Yes,Yes,Yes,No,No,Yes,Yes,Yes,No,0.29
Male,College of Engineering,No,200,Undergraduate,Off-campus,No,Daily,2,Yes,Yes,No,No,Yes,No,No,Yes,Yes,3.98
Female,College of Engineering,Yes,400,Undergraduate,Off-campus,No,Daily,2,Yes,Yes,No,Yes,No,Yes,Yes,Yes,Yes,9.25
Female,College of Engineering,Yes,100,Undergraduate,Off-campus,Yes,Several times a week,2,Yes,No,Yes,Yes,Yes,Yes,Yes,Yes,Yes,0.12
Male,College of Engineering,Yes,100,Undergraduate,Off-campus,No,Daily,5,Yes,Yes,No,Yes,Yes,Yes,Yes,Yes,Yes,5.65
Female,College of Engineering,Yes,100,Undergraduate,Off-campus,Yes,Daily,4,No,Yes,Yes,Yes,Yes,Yes,Yes,Yes,Yes,1.98
Female,College of Engineering,Yes,500,Undergraduate,On-campus,Yes,Daily,2,Yes,Yes,Yes,No,Yes,Yes,Yes,Yes,Yes,0.85
Male,College of Engineering,Yes,500,Undergraduate,Off-campus,No,Daily,4,Yes,No,Yes,No,Yes,Yes,Yes,Yes,Yes,6.8
Male,College of Engineering,No,200,Undergraduate,On-campus,No,Occasionally,2,Yes,Yes,No,No,Yes,Yes,No,No,No,3.86
Male,College of Engineering,Yes,600,Undergraduate,Off-campus,Yes,Several times a week,5,No,Yes,Yes,No,No,Yes,Yes,Yes,Yes,2.26
Male,College of Engineering,No,400,Undergraduate,Off-campus,No,Occasionally,2,Yes,Yes,Yes,No,Yes,Yes,No,Yes,No,1.67
Male,College of Engineering,No,100,Undergraduate,Off-campus,Yes,Daily,4,Yes,No,No,Yes,Yes,No,No,No,Yes,6.1
Male,College of Engineering,No,600,Undergraduate,Off-campus,No,Daily,3,No,Yes,Yes,Yes,Yes,No,Yes,Yes,Yes,9.29
Male,College of Engineering,Yes,300,Undergraduate,Off-campus,Yes,Occasionally,5,Yes,Yes,Yes,No,Yes,Yes,Yes,Yes,Yes,0.57
Female,College of Engineering,No,400,Undergraduate,Off-campus,No,Several times a week,3,Yes,Yes,No,Yes,No,Yes,No,Yes,No,0.65
Male,College of Engineering,Yes,300,Undergraduate,On-campus,No,Daily,4,Yes,Yes,No,Yes,Yes,Yes,Yes,Yes,Yes,6.52
Male,College of Engineering,Yes,200,Undergraduate,On-campus,No,Several times a week,5,Yes,Yes,No,Yes,Yes,Yes,Yes,Yes,Yes,5.15
Female,College of Engineering,Yes,500,Undergraduate,On-campus,Yes,Occasionally,4,Yes,No,Yes,No,Yes,Yes,Yes,Yes,Yes,7.82
Female,College of Engineering,Yes,100,Undergraduate,On-campus,Yes,Daily,3,Yes,Yes,No,No,Yes,Yes,Yes,Yes,Yes,5.95
Male,College of Engineering,No,200,Undergraduate,Off-campus,No,Rarely,3,Yes,Yes,Yes,Yes,No,Yes,No,Yes,No,3.19
Female,College of Engineering,Yes,500,Undergraduate,Off-campus,No,Daily,4,No,No,Yes,No,No,Yes,Yes,Yes,Yes,0.67
Male,College of Engineering,Yes,500,Undergraduate,On-campus,Yes,Occasionally,1,Yes,Yes,Yes,No,Yes,Yes,Yes,Yes,Yes,0.6
Female,College of Engineering,Yes,200,Undergraduate,Off-campus,Yes,Daily,2,Yes,Yes,Yes,No,Yes,Yes,Yes,Yes,Yes,4.69
Female,College of Engineering,Yes,100,Undergraduate,Off-campus,Yes,Daily,5,Yes,Yes,Yes,Yes,Yes,Yes,Yes,Yes,Yes,1.53
Male,College of Engineering,Yes,600,Undergraduate,On-campus,Yes,Occasionally,5,Yes,No,Yes,No,No,Yes,Yes,Yes,Yes,4.11
Male,College of Engineering,Yes,200,Undergraduate,On-campus,Yes,Daily,1,Yes,Yes,No,No,Yes,Yes,Yes,Yes,Yes,9.36
Female,College of Engineering,Yes,500,Undergraduate,On-campus,No,Several times a week,5,Yes,Yes,No,Yes,No,Yes,Yes,Yes,Yes,3.36
Female,College of Engineering,Yes,500,Undergraduate,On-campus,Yes,Daily,2,Yes,Yes,No,No,Yes,Yes,Yes,Yes,Yes,2.01
Female,College of Engineering,Yes,600,Undergraduate,Off-campus,Yes,Occasionally,1,Yes,Yes,No,No,Yes,Yes,Yes,Yes,Yes,3.66
Female,College of Engineering,Yes,300,Undergraduate,Off-campus,Yes,Never,5,Yes,Yes,No,No,Yes,Yes,Yes,Yes,Yes,5.13
Male,College of Engineering,Yes,100,Undergraduate,On-campus,No,Daily,4,Yes,No,No,Yes,Yes,Yes,Yes,Yes,Yes,1.4
Female,College of Engineering,Yes,100,Undergraduate,On-campus,No,Rarely,1,No,Yes,Yes,Yes,Yes,Yes,Yes,Yes,Yes,8.32
Male,College of Engineering,Yes,200,Undergraduate,Off-campus,No,Rarely,4,Yes,Yes,Yes,No,Yes,Yes,Yes,Yes,Yes,5.67
Male,College of Engineering,Yes,200,Undergraduate,Off-campus,No,Occasionally,5,Yes,Yes,No,Yes,Yes,Yes,Yes,Yes,Yes,8.41
Female,College of Engineering,Yes,600,Undergraduate,Off-campus,No,Daily,5,Yes,No,Yes,Yes,Yes,Yes,Yes,Yes,Yes,1.12
Female,College of Engineering,No,600,Undergraduate,Off-campus,No,Occasionally,1,Yes,No,Yes,No,No,Yes,No,No,Yes,1.8
Male,College of Engineering,No,300,Undergraduate,On-campus,No,Daily,5,No,Yes,Yes,No,Yes,Yes,No,Yes,No,8.75
Female,College of Engineering,Yes,600,Undergraduate,Off-campus,Yes,Daily,1,Yes,Yes,Yes,Yes,Yes,Yes,Yes,Yes,Yes,4.53
Male,College of Engineering,Yes,600,Undergraduate,Off-campus,Yes,Several times a week,2,Yes,No,No,No,Yes,Yes,Yes,Yes,Yes,8.13
Male,College of Engineering,Yes,100,Undergraduate,Off-campus,No,Never,5,Yes,Yes,Yes,No,Yes,Yes,Yes,Yes,Yes,1.88
Male,College of Engineering,No,300,Undergraduate,Off-campus,Yes,Daily,4,Yes,Yes,No,Yes,No,No,No,Yes,No,6.15
Female,College of Engineering,Yes,600,Undergraduate,On-campus,No,Daily,4,Yes,Yes,No,No,No,Yes,Yes,Yes,Yes,0.6
Male,College of Engineering,Yes,100,Undergraduate,Off-campus,No,Daily,4,No,Yes,Yes,No,Yes,Yes,Yes,Yes,Yes,4.75
Female,College of Engineering,Yes,600,Undergraduate,On-campus,No,Daily,3,No,Yes,No,No,No,Yes,Yes,Yes,Yes,1.13
Male,College of Engineering,Yes,400,Undergraduate,On-campus,No,Daily,5,Yes,Yes,Yes,No,Yes,Yes,Yes,Yes,Yes,1.45
Male,College of Engineering,Yes,100,Undergraduate,On-campus,Yes,Several times a week,1,Yes,No,No,No,Yes,Yes,Yes,Yes,Yes,2.61
Male,College of Engineering,Yes,100,Undergraduate,On-campus,No,Daily,1,Yes,Yes,No,Yes,No,Yes,Yes,Yes,Yes,3.96
Male,College of Engineering,Yes,500,Undergraduate,Off-campus,No,Occasionally,1,No,Yes,Yes,No,No,Yes,Yes,Yes,Yes,5.24
Female,College of Engineering,Yes,600,Undergraduate,On-campus,No,Rarely,1,Yes,Yes,No,Yes,Yes,Yes,Yes,Yes,Yes,1.59
Male,College of Engineering,Yes,100,Distant Learning,Off-campus,Yes,Occasionally,2,Yes,Yes,No,Yes,Yes,Yes,Yes,Yes,Yes,1.85
Female,College of Engineering,Yes,500,Undergraduate,On-campus,Yes,Occasionally,2,Yes,No,Yes,Yes,Yes,Yes,Yes,Yes,Yes,5.68
Female,College of Engineering,Yes,500,Undergraduate,On-campus,Yes,Occasionally,1,Yes,No,Yes,No,Yes,Yes,Yes,Yes,Yes,2.19
Female,College of Engineering,Yes,100,Undergraduate,Off-campus,Yes,Occasionally,2,No,Yes,Yes,No,Yes,Yes,Yes,Yes,Yes,3.18
Male,College of Engineering,Yes,200,Undergraduate,Off-campus,Yes,Rarely,2,Yes,Yes,Yes,Yes,No,Yes,Yes,Yes,Yes,2.81
Male,College of Engineering,Yes,400,Undergraduate,Off-campus,No,Occasionally,3,Yes,Yes,Yes,No,Yes,Yes,Yes,Yes,Yes,0.39
Male,College of Engineering,Yes,600,Undergraduate,Off-campus,No,Daily,4,Yes,Yes,No,Yes,Yes,Yes,Yes,Yes,Yes,6.91
Female,College of Engineering,Yes,100,Undergraduate,On-campus,Yes,Occasionally,5,Yes,Yes,Yes,No,Yes,Yes,Yes,Yes,Yes,4.76
Male,College of Engineering,Yes,100,Undergraduate,Off-campus,No,Daily,5,Yes,Yes,No,No,Yes,Yes,Yes,Yes,Yes,3.48
Female,College of Engineering,Yes,300,Undergraduate,Off-campus,Yes,Occasionally,2,Yes,Yes,No,No,Yes,Yes,Yes,Yes,Yes,7.78
Female,College of Engineering,Yes,600,Undergraduate,Off-campus,No,Rarely,1,No,Yes,Yes,No,No,Yes,Yes,Yes,Yes,0.74
Female,College of Engineering,No,300,Undergraduate,Off-campus,No,Occasionally,4,Yes,Yes,Yes,No,Yes,Yes,No,Yes,Yes,2.08
Male,College of Engineering,Yes,500,Undergraduate,Off-campus,No,Never,3,Yes,Yes,Yes,No,Yes,Yes,Yes,Yes,Yes,9.24
Male,College of Engineering,Yes,600,Undergraduate,On-campus,Yes,Never,5,Yes,No,Yes,No,Yes,Yes,Yes,Yes,Yes,4.6
Female,College of Engineering,Yes,300,Undergraduate,Off-campus,No,Never,1,Yes,Yes,No,Yes,Yes,Yes,Yes,Yes,Yes,6.78
Male,College of Engineering,Yes,600,Undergraduate,On-campus,No,Daily,4,No,No,No,Yes,Yes,Yes,Yes,Yes,Yes,5.74
Male,College of Engineering,Yes,100,Undergraduate,Off-campus,No,Rarely,5,Yes,Yes,Yes,No,Yes,Yes,Yes,Yes,Yes,1.53
Male,College of Engineering,Yes,200,Undergraduate,On-campus,Yes,Daily,3,Yes,Yes,No,No,No,Yes,Yes,Yes,Yes,4.35
Male,College of Engineering,Yes,400,Undergraduate,Off-campus,No,Daily,3,Yes,Yes,Yes,No,Yes,Yes,Yes,Yes,Yes,4.4
Female,College of Engineering,Yes,100,Undergraduate,Off-campus,Yes,Daily,4,No,No,No,No,Yes,Yes,Yes,Yes,Yes,1.19
Female,College of Engineering,Yes,200,Undergraduate,Off-campus,No,Daily,4,Yes,Yes,No,No,Yes,Yes,Yes,Yes,Yes,4.96
Female,College of Engineering,No,600,Undergraduate,On-campus,Yes,Occasionally,2,Yes,No,No,No,Yes,No,No,Yes,No,1.12
Male,College of Engineering,Yes,400,Undergraduate,Off-campus,No,Daily,5,No,Yes,Yes,No,Yes,Yes,Yes,Yes,Yes,5.74
Female,College of Engineering,No,200,Undergraduate,On-campus,No,Daily,2,Yes,Yes,Yes,No,No,No,No,No,No,4.38
Female,College of Engineering,Yes,600,Undergraduate,On-campus,Yes,Daily,5,Yes,Yes,No,Yes,No,Yes,Yes,Yes,Yes,1.61
Male,College of Engineering,Yes,400,Undergraduate,Off-campus,Yes,Daily,5,Yes,Yes,Yes,No,Yes,Yes,Yes,Yes,Yes,4.53
Male,College of Engineering,Yes,500,Undergraduate,Off-campus,No,Daily,5,Yes,Yes,Yes,No,Yes,Yes,Yes,Yes,Yes,9.52
Male,College of Engineering,Yes,200,Undergraduate,Off-campus,No,Daily,5,Yes,Yes,Yes,No,Yes,Yes,Yes,Yes,Yes,0.16
Female,College of Engineering,Yes,600,Undergraduate,Off-campus,Yes,Several times a week,2,Yes,Yes,Yes,Yes,Yes,Yes,Yes,Yes,Yes,1.44
Female,College of Engineering,Yes,300,Undergraduate,Off-campus,Yes,Occasionally,1,Yes,Yes,Yes,Yes,Yes,Yes,Yes,Yes,Yes,0.12
Female,College of Engineering,Yes,200,Undergraduate,Off-campus,Yes,Several times a week,1,Yes,Yes,No,Yes,Yes,Yes,Yes,Yes,Yes,6.04
Male,College of Engineering,Yes,500,Undergraduate,Off-campus,No,Daily,3,Yes,Yes,Yes,Yes,Yes,Yes,Yes,Yes,Yes,0.4
Male,College of Engineering,Yes,500,Undergraduate,Off-campus,No,Occasionally,4,No,Yes,No,No,Yes,Yes,Yes,Yes,Yes,0.61
Female,College of Engineering,Yes,600,Undergraduate,Off-campus,No,Daily,5,Yes,No,No,No,Yes,Yes,Yes,Yes,Yes,5.6
Female,College of Engineering,Yes,300,Undergraduate,Off-campus,Yes,Daily,3,No,Yes,No,No,Yes,Yes,Yes,Yes,Yes,7.65
Female,College of Engineering,No,100,Undergraduate,Off-campus,No,Occasionally,1,Yes,No,No,Yes,Yes,Yes,No,Yes,Yes,4.2
Male,College of Engineering,Yes,400,Undergraduate,On-campus,Yes,Never,1,Yes,Yes,No,Yes,No,Yes,Yes,Yes,Yes,7.01
Female,College of Engineering,Yes,600,Undergraduate,On-campus,No,Daily,4,Yes,Yes,No,Yes,Yes,Yes,Yes,Yes,Yes,3.55
Female,College of Engineering,Yes,100,Undergraduate,Off-campus,No,Daily,2,Yes,Yes,Yes,Yes,Yes,Yes,Yes,Yes,Yes,8.67
Female,College of Engineering,Yes,300,Undergraduate,Off-campus,No,Occasionally,2,Yes,Yes,No,No,Yes,Yes,Yes,Yes,Yes,5.75
Male,College of Engineering,Yes,500,Undergraduate,Off-campus,No,Daily,5,Yes,Yes,No,No,Yes,Yes,Yes,Yes,Yes,5.64
Male,College of Engineering,Yes,300,Undergraduate,On-campus,No,Daily,4,Yes,Yes,No,No,Yes,Yes,Yes,Yes,Yes,8.68
Female,College of Engineering,Yes,400,Undergraduate,Off-campus,Yes,Several times a week,4,Yes,Yes,Yes,No,Yes,Yes,Yes,Yes,Yes,10.1
Male,College of Engineering,Yes,100,Undergraduate,Off-campus,Yes,Several times a week,5,Yes,Yes,Yes,No,Yes,Yes,Yes,Yes,Yes,8.32
Female,College of Engineering,Yes,500,Undergraduate,Off-campus,No,Never,5,Yes,Yes,Yes,No,No,Yes,Yes,Yes,Yes,2.39
Male,College of Engineering,Yes,100,Undergraduate,On-campus,No,Daily,1,Yes,Yes,Yes,Yes,Yes,Yes,Yes,Yes,Yes,7.62
Female,College of Engineering,Yes,500,Undergraduate,Off-campus,Yes,Several times a week,2,Yes,Yes,No,Yes,Yes,Yes,Yes,Yes,Yes,14.12
Male,College of Engineering,Yes,600,Undergraduate,On-campus,No,Daily,3,No,No,No,Yes,Yes,Yes,Yes,Yes,Yes,2.16
Female,College of Engineering,No,300,Undergraduate,Off-campus,No,Daily,5,Yes,Yes,No,No,Yes,Yes,No,No,No,13.8
Male,College of Engineering,Yes,500,Undergraduate,On-campus,Yes,Occasionally,3,Yes,No,No,No,Yes,Yes,Yes,Yes,Yes,0.1
Female,College of Engineering,Yes,400,Undergraduate,On-campus,No,Daily,1,Yes,Yes,Yes,No,Yes,Yes,Yes,Yes,Yes,1.6
Female,College of Engineering,Yes,200,Undergraduate,Off-campus,No,Occasionally,1,No,Yes,No,No,Yes,Yes,Yes,Yes,Yes,2.98
Male,College of Engineering,Yes,100,Undergraduate,Off-campus,Yes,Daily,3,Yes,Yes,Yes,Yes,Yes,Yes,Yes,Yes,Yes,1.42
Male,College of Humanities and Social Sciences,Yes,300,Undergraduate,Off-campus,Yes,Daily,5,Yes,Yes,No,Yes,Yes,Yes,Yes,Yes,Yes,3.52
Male,College of Humanities and Social Sciences,No,300,Undergraduate,Off-campus,No,Several times a week,2,No,Yes,Yes,No,Yes,Yes,No,Yes,No,3.95
Female,College of Humanities and Social Sciences,Yes,400,Undergraduate,Off-campus,No,Daily,3,Yes,Yes,No,Yes,Yes,Yes,Yes,Yes,Yes,6.18
Male,College of Humanities and Social Sciences,Yes,300,Undergraduate,On-campus,No,Several times a week,1,Yes,Yes,Yes,No,Yes,Yes,Yes,Yes,Yes,6.07
Male,College of Humanities and Social Sciences,Yes,200,Distant Learning,Off-campus,No,Occasionally,5,Yes,Yes,No,Yes,Yes,Yes,Yes,Yes,Yes,5.47
Male,College of Humanities and Social Sciences,No,300,Undergraduate,Off-campus,No,Daily,1,No,Yes,Yes,No,No,Yes,No,No,No,7.27
Male,College of Humanities and Social Sciences,Yes,300,Undergraduate,Off-campus,No,Several times a week,4,Yes,Yes,Yes,No,Yes,Yes,Yes,Yes,Yes,6.94
Male,College of Humanities and Social Sciences,No,400,Undergraduate,Off-campus,No,Several times a week,5,Yes,Yes,Yes,No,Yes,Yes,No,No,Yes,7.92
Female,College of Humanities and Social Sciences,Yes,300,Undergraduate,On-campus,Yes,Daily,3,Yes,Yes,No,No,Yes,Yes,Yes,Yes,Yes,3.39
Male,College of Humanities and Social Sciences,No,100,Undergraduate,On-campus,No,Daily,1,No,No,No,No,Yes,Yes,No,Yes,No,7.19
Female,College of Humanities and Social Sciences,Yes,300,Undergraduate,On-campus,No,Several times a week,3,Yes,Yes,No,No,No,Yes,Yes,Yes,Yes,2.18
Female,College of Humanities and Social Sciences,Yes,200,Undergraduate,Off-campus,No,Several times a week,5,Yes,No,Yes,Yes,Yes,Yes,Yes,Yes,Yes,1.3
Female,College of Humanities and Social Sciences,Yes,400,Undergraduate,Off-campus,Yes,Several times a week,1,Yes,Yes,Yes,No,No,Yes,Yes,Yes,Yes,5.27
Male,College of Humanities and Social Sciences,No,200,Undergraduate,Off-campus,No,Rarely,1,No,No,No,Yes,Yes,No,No,Yes,Yes,0.85
Male,College of Humanities and Social Sciences,Yes,300,Undergraduate,Off-campus,Yes,Several times a week,4,Yes,No,No,No,Yes,Yes,Yes,Yes,Yes,7.99
Male,College of Humanities and Social Sciences,No,100,Undergraduate,On-campus,Yes,Daily,3,Yes,Yes,Yes,No,Yes,Yes,No,Yes,No,1.21
Male,College of Humanities and Social Sciences,Yes,300,Undergraduate,Off-campus,Yes,Daily,4,No,Yes,No,Yes,Yes,Yes,Yes,Yes,Yes,1.04
Male,College of Humanities and Social Sciences,Yes,400,Undergraduate,Off-campus,Yes,Never,2,Yes,No,No,No,Yes,Yes,Yes,Yes,Yes,5.69
Male,College of Humanities and Social Sciences,Yes,300,Undergraduate,Off-campus,Yes,Occasionally,4,Yes,No,No,No,No,Yes,Yes,Yes,Yes,5.89
Male,College of Humanities and Social Sciences,Yes,100,Undergraduate,Off-campus,Yes,Rarely,4,Yes,No,No,No,Yes,Yes,Yes,Yes,Yes,9.48
Male,College of Humanities and Social Sciences,Yes,100,Distant Learning,Off-campus,No,Daily,1,Yes,Yes,No,Yes,Yes,Yes,Yes,Yes,Yes,6.0
Female,College of Humanities and Social Sciences,Yes,200,Undergraduate,Off-campus,No,Several times a week,3,Yes,Yes,Yes,Yes,Yes,Yes,Yes,Yes,Yes,12.9
Male,College of Humanities and Social Sciences,Yes,200,Undergraduate,On-campus,Yes,Daily,1,Yes,Yes,Yes,No,Yes,Yes,Yes,Yes,Yes,1.7
Male,College of Humanities and Social Sciences,No,100,Undergraduate,Off-campus,No,Daily,4,No,Yes,No,Yes,Yes,Yes,No,No,No,1.44
Female,College of Humanities and Social Sciences,Yes,200,Undergraduate,Off-campus,No,Occasionally,1,Yes,No,Yes,No,Yes,Yes,Yes,Yes,Yes,0.42
Female,College of Humanities and Social Sciences,No,200,Undergraduate,Off-campus,Yes,Daily,3,Yes,No,Yes,No,Yes,Yes,Yes,Yes,Yes,1.26
Male,College of Humanities and Social Sciences,Yes,100,Undergraduate,Off-campus,Yes,Daily,1,No,Yes,No,Yes,Yes,Yes,Yes,Yes,Yes,3.25
Female,College of Humanities and Social Sciences,Yes,400,Undergraduate,Off-campus,No,Never,2,Yes,Yes,Yes,No,Yes,Yes,Yes,Yes,Yes,9.52
Male,College of Humanities and Social Sciences,Yes,100,Undergraduate,Off-campus,Yes,Daily,5,Yes,Yes,Yes,No,Yes,Yes,Yes,Yes,Yes,3.52
Male,College of Humanities and Social Sciences,Yes,100,Undergraduate,Off-campus,Yes,Rarely,2,No,Yes,No,No,No,Yes,Yes,Yes,Yes,12.55
Male,College of Humanities and Social Sciences,Yes,300,Undergraduate,Off-campus,No,Never,4,Yes,Yes,No,Yes,Yes,Yes,Yes,Yes,Yes,5.58
Male,College of Humanities and Social Sciences,Yes,100,Undergraduate,Off-campus,Yes,Occasionally,1,Yes,Yes,No,Yes,Yes,Yes,Yes,Yes,Yes,3.84
Female,College of Humanities and Social Sciences,Yes,100,Undergraduate,On-campus,No,Several times a week,3,No,Yes,Yes,Yes,Yes,Yes,Yes,Yes,Yes,1.59
Male,College of Humanities and Social Sciences,Yes,100,Undergraduate,On-campus,No,Rarely,3,Yes,Yes,No,No,Yes,Yes,Yes,Yes,Yes,1.94
Female,College of Humanities and Social Sciences,Yes,100,Undergraduate,Off-campus,No,Occasionally,2,Yes,Yes,No,No,Yes,Yes,Yes,Yes,Yes,7.37
Male,College of Humanities and Social Sciences,No,100,Undergraduate,Off-campus,Yes,Occasionally,1,Yes,Yes,Yes,No,Yes,Yes,Yes,Yes,No,14.2
Female,College of Humanities and Social Sciences,No,200,Undergraduate,Off-campus,No,Occasionally,2,Yes,Yes,Yes,Yes,Yes,Yes,No,Yes,Yes,3.7
Male,College of Humanities and Social Sciences,Yes,100,Undergraduate,Off-campus,Yes,Daily,5,No,Yes,Yes,Yes,Yes,Yes,Yes,Yes,Yes,3.02
Male,College of Humanities and Social Sciences,Yes,100,Undergraduate,On-campus,Yes,Rarely,1,Yes,No,Yes,No,Yes,Yes,Yes,Yes,Yes,0.0
Female,College of Humanities and Social Sciences,Yes,400,Undergraduate,On-campus,Yes,Daily,4,Yes,Yes,No,No,Yes,Yes,Yes,Yes,Yes,5.38
Male,College of Humanities and Social Sciences,Yes,400,Undergraduate,Off-campus,No,Daily,3,No,Yes,No,Yes,Yes,Yes,Yes,Yes,Yes,4.28
Male,College of Humanities and Social Sciences,Yes,400,Undergraduate,On-campus,Yes,Occasionally,3,No,Yes,Yes,Yes,Yes,Yes,Yes,Yes,Yes,6.96
Male,College of Humanities and Social Sciences,Yes,100,Undergraduate,Off-campus,Yes,Occasionally,1,Yes,Yes,Yes,Yes,Yes,Yes,Yes,Yes,Yes,7.45
Male,College of Humanities and Social Sciences,Yes,400,Undergraduate,Off-campus,No,Daily,4,Yes,Yes,Yes,No,Yes,Yes,Yes,Yes,Yes,4.81
Female,College of Humanities and Social Sciences,Yes,200,Undergraduate,Off-campus,Yes,Daily,5,Yes,Yes,No,No,Yes,Yes,Yes,Yes,Yes,7.91
Female,College of Humanities and Social Sciences,Yes,100,Undergraduate,Off-campus,Yes,Occasionally,5,Yes,Yes,Yes,No,Yes,Yes,Yes,Yes,Yes,5.03
Male,College of Humanities and Social Sciences,Yes,300,Undergraduate,Off-campus,Yes,Several times a week,2,Yes,Yes,Yes,No,Yes,Yes,Yes,Yes,Yes,5.14
Male,College of Humanities and Social Sciences,Yes,400,Undergraduate,Off-campus,No,Several times a week,1,No,Yes,Yes,Yes,Yes,Yes,Yes,Yes,Yes,5.48
Female,College of Humanities and Social Sciences,Yes,100,Undergraduate,Off-campus,Yes,Daily,4,Yes,No,No,Yes,Yes,Yes,Yes,Yes,Yes,7.88
Female,College of Humanities and Social Sciences,Yes,200,Undergraduate,On-campus,No,Daily,2,Yes,No,Yes,Yes,No,Yes,Yes,Yes,Yes,3.24
Female,College of Humanities and Social Sciences,Yes,100,Undergraduate,Off-campus,No,Daily,4,Yes,Yes,Yes,No,Yes,Yes,Yes,Yes,Yes,3.29
Male,College of Humanities and Social Sciences,Yes,400,Undergraduate,Off-campus,Yes,Daily,5,Yes,No,Yes,No,Yes,Yes,Yes,Yes,Yes,9.96
Male,College of Humanities and Social Sciences,Yes,200,Undergraduate,Off-campus,Yes,Several times a week,3,Yes,Yes,No,No,Yes,Yes,Yes,Yes,Yes,11.6
Female,College of Humanities and Social Sciences,No,400,Undergraduate,Off-campus,No,Occasionally,2,Yes,Yes,Yes,Yes,Yes,Yes,No,Yes,No,1.25
Male,College of Humanities and Social Sciences,Yes,300,Undergraduate,On-campus,No,Occasionally,4,Yes,Yes,No,No,Yes,Yes,Yes,Yes,Yes,5.3
Female,College of Humanities and Social Sciences,Yes,300,Undergraduate,Off-campus,Yes,Daily,3,Yes,Yes,No,Yes,No,Yes,Yes,Yes,Yes,2.21
Male,College of Humanities and Social Sciences,Yes,100,Undergraduate,Off-campus,No,Several times a week,4,No,No,Yes,No,Yes,Yes,Yes,Yes,Yes,3.94
Male,College of Humanities and Social Sciences,Yes,400,Undergraduate,Off-campus,Yes,Daily,1,Yes,Yes,No,No,Yes,Yes,Yes,Yes,Yes,2.89
Male,College of Humanities and Social Sciences,Yes,400,Undergraduate,Off-campus,No,Daily,1,Yes,No,Yes,Yes,Yes,Yes,Yes,Yes,Yes,8.31
Male,College of Humanities and Social Sciences,Yes,100,Undergraduate,Off-campus,No,Occasionally,3,No,Yes,Yes,No,No,Yes,Yes,Yes,Yes,7.94
Female,College of Humanities and Social Sciences,No,400,Undergraduate,Off-campus,Yes,Occasionally,2,No,No,No,Yes,Yes,Yes,No,No,Yes,1.86
Male,College of Humanities and Social Sciences,Yes,300,Undergraduate,Off-campus,Yes,Several times a week,3,No,Yes,No,Yes,No,Yes,Yes,Yes,Yes,9.68
Male,College of Humanities and Social Sciences,No,300,Undergraduate,On-campus,Yes,Several times a week,4,Yes,No,Yes,Yes,No,Yes,No,No,No,4.31
Female,College of Humanities and Social Sciences,No,300,Undergraduate,Off-campus,Yes,Several times a week,3,Yes,Yes,No,No,Yes,Yes,No,Yes,No,3.33
Female,College of Humanities and Social Sciences,Yes,400,Undergraduate,On-campus,Yes,Several times a week,2,Yes,No,Yes,Yes,Yes,Yes,Yes,Yes,Yes,8.77
Male,College of Humanities and Social Sciences,Yes,400,Undergraduate,On-campus,No,Rarely,5,Yes,Yes,No,Yes,Yes,Yes,Yes,Yes,Yes,0.28
Male,College of Humanities and Social Sciences,No,200,Undergraduate,On-campus,Yes,Daily,4,Yes,Yes,Yes,Yes,Yes,Yes,No,Yes,No,5.26
Female,College of Humanities and Social Sciences,Yes,200,Undergraduate,On-campus,No,Rarely,4,No,Yes,Yes,Yes,No,Yes,Yes,Yes,Yes,3.03
Male,College of Humanities and Social Sciences,Yes,200,Undergraduate,Off-campus,Yes,Occasionally,4,No,Yes,Yes,No,Yes,Yes,Yes,Yes,Yes,6.42
Female,College of Humanities and Social Sciences,Yes,100,Undergraduate,Off-campus,Yes,Occasionally,3,Yes,Yes,No,Yes,Yes,Yes,Yes,Yes,Yes,4.92
Female,College of Humanities and Social Sciences,Yes,100,Undergraduate,On-campus,No,Daily,4,Yes,Yes,No,No,Yes,Yes,Yes,Yes,Yes,6.08
Female,College of Humanities and Social Sciences,Yes,200,Undergraduate,Off-campus,No,Daily,3,Yes,Yes,No,No,No,Yes,Yes,Yes,Yes,5.07
Female,College of Humanities and Social Sciences,Yes,100,Undergraduate,Off-campus,Yes,Several times a week,2,Yes,Yes,No,Yes,No,Yes,Yes,Yes,Yes,2.49
Female,College of Humanities and Social Sciences,Yes,300,Undergraduate,Off-campus,Yes,Daily,4,No,Yes,No,Yes,No,Yes,Yes,Yes,Yes,7.03
Female,College of Humanities and Social Sciences,Yes,300,Undergraduate,Off-campus,No,Several times a week,1,Yes,Yes,No,No,Yes,Yes,Yes,Yes,Yes,0.45
Female,College of Humanities and Social Sciences,Yes,300,Undergraduate,Off-campus,Yes,Rarely,2,Yes,Yes,No,Yes,Yes,Yes,Yes,Yes,Yes,10.8
Male,College of Humanities and Social Sciences,Yes,300,Undergraduate,Off-campus,Yes,Occasionally,2,Yes,Yes,No,No,Yes,Yes,Yes,Yes,Yes,1.65
Male,College of Humanities and Social Sciences,Yes,300,Undergraduate,On-campus,Yes,Occasionally,4,Yes,Yes,Yes,No,Yes,Yes,Yes,Yes,Yes,2.4
Female,College of Humanities and Social Sciences,Yes,400,Undergraduate,On-campus,Yes,Several times a week,1,Yes,Yes,Yes,No,Yes,Yes,Yes,Yes,Yes,3.12
Female,College of Humanities and Social Sciences,Yes,100,Undergraduate,Off-campus,Yes,Daily,5,Yes,Yes,No,No,Yes,Yes,Yes,Yes,Yes,2.6
Female,College of Humanities and Social Sciences,Yes,100,Undergraduate,Off-campus,Yes,Occasionally,3,Yes,Yes,Yes,No,Yes,Yes,Yes,Yes,Yes,11.69
Male,College of Humanities and Social Sciences,Yes,100,Undergraduate,Off-campus,Yes,Daily,4,Yes,No,No,Yes,No,Yes,Yes,Yes,Yes,3.59
Female,College of Humanities and Social Sciences,Yes,400,Undergraduate,Off-campus,Yes,Daily,2,Yes,Yes,No,Yes,Yes,Yes,Yes,Yes,Yes,5.26
Female,College of Humanities and Social Sciences,Yes,200,Undergraduate,Off-campus,No,Daily,1,Yes,Yes,No,Yes,Yes,Yes,Yes,Yes,Yes,0.29
Male,College of Humanities and Social Sciences,Yes,400,Undergraduate,On-campus,No,Daily,3,Yes,No,No,Yes,Yes,Yes,Yes,Yes,Yes,2.64
Female,College of Humanities and Social Sciences,Yes,300,Undergraduate,On-campus,Yes,Daily,1,Yes,Yes,Yes,Yes,Yes,Yes,Yes,Yes,Yes,3.86
Female,College of Humanities and Social Sciences,Yes,100,Undergraduate,Off-campus,Yes,Occasionally,5,Yes,Yes,Yes,Yes,Yes,Yes,Yes,Yes,Yes,1.17
Male,College of Humanities and Social Sciences,No,100,Undergraduate,Off-campus,No,Daily,2,Yes,No,Yes,No,No,Yes,No,Yes,Yes,2.48
Female,College of Humanities and Social Sciences,Yes,400,Undergraduate,Off-campus,No,Daily,5,Yes,Yes,No,No,Yes,Yes,Yes,Yes,Yes,3.03
Male,College of Humanities and Social Sciences,Yes,400,Undergraduate,Off-campus,No,Occasionally,5,Yes,No,No,No,No,Yes,Yes,Yes,Yes,1.8
Male,College of Humanities and Social Sciences,Yes,200,Undergraduate,Off-campus,Yes,Several times a week,4,No,No,Yes,Yes,Yes,Yes,Yes,Yes,Yes,3.93
Male,College of Humanities and Social Sciences,Yes,200,Undergraduate,Off-campus,Yes,Daily,1,Yes,No,Yes,No,Yes,Yes,Yes,Yes,Yes,9.12
Female,College of Humanities and Social Sciences,Yes,200,Undergraduate,Off-campus,No,Never,3,Yes,Yes,Yes,No,No,Yes,Yes,Yes,Yes,7.39
Male,College of Humanities and Social Sciences,Yes,200,Undergraduate,Off-campus,No,Occasionally,3,Yes,Yes,Yes,No,Yes,Yes,Yes,Yes,Yes,7.06
Male,College of Humanities and Social Sciences,Yes,200,Undergraduate,On-campus,Yes,Never,2,No,Yes,Yes,No,Yes,Yes,Yes,Yes,Yes,6.88
Female,College of Humanities and Social Sciences,Yes,200,Undergraduate,Off-campus,Yes,Rarely,1,Yes,No,No,No,Yes,Yes,Yes,Yes,Yes,1.86
Male,College of Humanities and Social Sciences,Yes,400,Undergraduate,On-campus,No,Daily,1,No,No,Yes,No,Yes,Yes,Yes,Yes,Yes,4.77
Female,College of Humanities and Social Sciences,Yes,300,Undergraduate,On-campus,No,Never,3,Yes,Yes,No,No,No,Yes,Yes,Yes,Yes,8.66
Female,College of Humanities and Social Sciences,Yes,100,Undergraduate,Off-campus,Yes,Several times a week,2,No,Yes,No,Yes,No,Yes,Yes,Yes,Yes,8.78
Female,College of Humanities and Social Sciences,Yes,100,Distant Learning,Off-campus,No,Rarely,3,No,No,Yes,No,Yes,Yes,Yes,Yes,Yes,0.03
Male,College of Humanities and Social Sciences,Yes,400,Undergraduate,Off-campus,Yes,Occasionally,5,Yes,Yes,Yes,No,Yes,Yes,Yes,Yes,Yes,1.64
Male,College of Humanities and Social Sciences,Yes,300,Undergraduate,Off-campus,Yes,Never,1,Yes,No,No,No,Yes,Yes,Yes,Yes,Yes,3.25
Female,College of Humanities and Social Sciences,No,200,Undergraduate,Off-campus,Yes,Daily,3,Yes,Yes,Yes,No,Yes,Yes,Yes,Yes,Yes,7.5
Male,College of Humanities and Social Sciences,Yes,100,Undergraduate,Off-campus,No,Occasionally,3,Yes,No,No,No,Yes,Yes,Yes,Yes,Yes,3.13
Male,College of Humanities and Social Sciences,Yes,200,Undergraduate,Off-campus,No,Occasionally,1,Yes,No,Yes,No,Yes,Yes,Yes,Yes,Yes,6.69
Male,College of Humanities and Social Sciences,Yes,400,Undergraduate,Off-campus,No,Daily,2,Yes,Yes,Yes,Yes,Yes,Yes,Yes,Yes,Yes,0.64
Female,College of Humanities and Social Sciences,No,400,Undergraduate,Off-campus,Yes,Daily,1,Yes,Yes,No,No,Yes,Yes,No,No,No,2.96
Male,College of Humanities and Social Sciences,Yes,300,Undergraduate,Off-campus,No,Daily,3,No,Yes,No,No,Yes,Yes,Yes,Yes,Yes,0.06
Female,College of Humanities and Social Sciences,Yes,300,Undergraduate,Off-campus,Yes,Occasionally,2,Yes,Yes,Yes,Yes,Yes,Yes,Yes,Yes,Yes,5.34
Male,College of Humanities and Social Sciences,Yes,400,Undergraduate,Off-campus,Yes,Daily,1,Yes,Yes,Yes,Yes,Yes,Yes,Yes,Yes,Yes,9.35
Female,College of Humanities and Social Sciences,Yes,300,Undergraduate,Off-campus,No,Occasionally,2,Yes,Yes,No,No,Yes,Yes,Yes,Yes,Yes,4.67
Male,College of Humanities and Social Sciences,Yes,400,Undergraduate,Off-campus,Yes,Daily,5,No,No,No,Yes,No,Yes,Yes,Yes,Yes,4.75
Male,College of Humanities and Social Sciences,Yes,300,Undergraduate,On-campus,No,Daily,2,Yes,Yes,Yes,Yes,Yes,Yes,Yes,Yes,Yes,4.22
Male,College of Humanities and Social Sciences,Yes,400,Undergraduate,Off-campus,Yes,Occasionally,2,Yes,No,Yes,Yes,Yes,Yes,Yes,Yes,Yes,6.2
Male,College of Humanities and Social Sciences,No,200,Undergraduate,On-campus,Yes,Occasionally,4,Yes,Yes,Yes,No,Yes,Yes,Yes,Yes,Yes,5.79
Male,College of Humanities and Social Sciences,Yes,100,Undergraduate,Off-campus,Yes,Occasionally,4,No,Yes,Yes,No,Yes,Yes,Yes,Yes,Yes,4.22
Male,College of Humanities and Social Sciences,No,200,Postgraduate,Off-campus,No,Daily,1,Yes,Yes,Yes,Yes,Yes,No,No,Yes,Yes,6.38
Female,College of Humanities and Social Sciences,Yes,100,Undergraduate,Off-campus,No,Occasionally,2,Yes,Yes,Yes,Yes,No,Yes,Yes,Yes,Yes,2.34
Male,College of Humanities and Social Sciences,No,100,Postgraduate,Off-campus,No,Daily,1,Yes,Yes,Yes,Yes,No,Yes,No,No,No,1.37
Female,College of Humanities and Social Sciences,Yes,100,Undergraduate,Off-campus,Yes,Several times a week,1,Yes,No,Yes,Yes,Yes,Yes,Yes,Yes,Yes,5.55
Male,College of Humanities and Social Sciences,Yes,100,Masters,On-campus,Yes,Daily,2,Yes,Yes,Yes,Yes,Yes,Yes,Yes,Yes,Yes,7.88
Male,College of Humanities and Social Sciences,No,100,Distant Learning,Off-campus,No,Several times a week,4,Yes,No,No,Yes,Yes,No,Yes,Yes,Yes,3.72
Female,College of Humanities and Social Sciences,Yes,400,Undergraduate,Off-campus,Yes,Several times a week,5,Yes,Yes,Yes,No,Yes,Yes,Yes,Yes,Yes,1.82
Male,College of Humanities and Social Sciences,Yes,200,Undergraduate,On-campus,Yes,Rarely,3,Yes,Yes,Yes,Yes,Yes,Yes,Yes,Yes,Yes,4.17
Male,College of Humanities and Social Sciences,Yes,400,Undergraduate,Off-campus,No,Several times a week,5,No,No,No,No,Yes,Yes,Yes,Yes,Yes,5.25
Female,College of Humanities and Social Sciences,Yes,400,Undergraduate,On-campus,No,Daily,5,Yes,Yes,Yes,Yes,No,Yes,Yes,Yes,Yes,6.9
Male,College of Humanities and Social Sciences,Yes,100,Undergraduate,On-campus,No,Occasionally,5,No,Yes,Yes,Yes,Yes,Yes,Yes,Yes,Yes,3.09
Male,College of Humanities and Social Sciences,Yes,300,Undergraduate,On-campus,Yes,Occasionally,2,Yes,Yes,No,No,Yes,Yes,Yes,Yes,Yes,1.89
Female,College of Agriculture and Natural Resources,Yes,200,Undergraduate,On-campus,No,Daily,5,Yes,Yes,Yes,No,Yes,Yes,Yes,Yes,Yes,6.99
Male,College of Agriculture and Natural Resources,Yes,400,Undergraduate,Off-campus,Yes,Several times a week,5,No,Yes,No,Yes,Yes,Yes,Yes,Yes,Yes,2.05
Male,College of Agriculture and Natural Resources,Yes,200,Undergraduate,On-campus,No,Rarely,2,Yes,Yes,Yes,Yes,Yes,Yes,Yes,Yes,Yes,3.46
Male,College of Agriculture and Natural Resources,Yes,400,Undergraduate,Off-campus,No,Never,3,Yes,Yes,No,Yes,No,Yes,Yes,Yes,Yes,7.17
Female,College of Agriculture and Natural Resources,No,100,Undergraduate,Off-campus,No,Daily,3,No,Yes,Yes,No,Yes,Yes,No,Yes,No,0.78
Female,College of Agriculture and Natural Resources,Yes,100,Undergraduate,Off-campus,Yes,Occasionally,5,Yes,No,Yes,Yes,No,Yes,Yes,Yes,Yes,2.13
Male,College of Agriculture and Natural Resources,Yes,200,Undergraduate,Off-campus,No,Daily,4,Yes,No,Yes,Yes,Yes,Yes,Yes,Yes,Yes,8.04
Female,College of Agriculture and Natural Resources,Yes,400,Undergraduate,Off-campus,No,Daily,1,Yes,Yes,Yes,No,No,Yes,Yes,Yes,Yes,5.82
Female,College of Agriculture and Natural Resources,Yes,200,Undergraduate,Off-campus,Yes,Several times a week,3,Yes,Yes,Yes,Yes,Yes,Yes,Yes,Yes,Yes,3.59
Female,College of Agriculture and Natural Resources,Yes,400,Undergraduate,Off-campus,No,Daily,5,Yes,Yes,No,Yes,No,Yes,Yes,Yes,Yes,8.99
Female,College of Agriculture and Natural Resources,No,200,Undergraduate,Off-campus,No,Several times a week,3,Yes,Yes,Yes,Yes,Yes,Yes,Yes,Yes,Yes,10.29
Female,College of Agriculture and Natural Resources,Yes,100,Undergraduate,On-campus,No,Several times a week,4,Yes,Yes,No,Yes,Yes,Yes,Yes,Yes,Yes,8.18
Male,College of Agriculture and Natural Resources,Yes,300,Undergraduate,Off-campus,Yes,Daily,1,Yes,Yes,Yes,No,Yes,Yes,Yes,Yes,Yes,4.26
Female,College of Agriculture and Natural Resources,Yes,200,Undergraduate,Off-campus,No,Occasionally,4,Yes,Yes,No,Yes,Yes,Yes,Yes,Yes,Yes,0.14
Male,College of Agriculture and Natural Resources,Yes,100,Undergraduate,On-campus,No,Daily,2,Yes,No,Yes,Yes,Yes,Yes,Yes,Yes,Yes,2.64
Male,College of Agriculture and Natural Resources,Yes,300,Undergraduate,On-campus,No,Several times a week,3,Yes,Yes,Yes,No,Yes,Yes,Yes,Yes,Yes,0.45
Female,College of Agriculture and Natural Resources,Yes,100,Undergraduate,Off-campus,No,Daily,1,Yes,Yes,Yes,Yes,Yes,Yes,Yes,Yes,Yes,1.68
Female,College of Agriculture and Natural Resources,Yes,400,Undergraduate,Off-campus,Yes,Several times a week,1,Yes,No,No,No,No,Yes,Yes,Yes,Yes,6.56
Male,College of Agriculture and Natural Resources,Yes,300,Undergraduate,Off-campus,Yes,Occasionally,2,Yes,Yes,No,Yes,Yes,Yes,Yes,Yes,Yes,8.5
Male,College of Agriculture and Natural Resources,Yes,400,Undergraduate,Off-campus,Yes,Rarely,1,Yes,Yes,Yes,Yes,Yes,Yes,Yes,Yes,Yes,5.6
Male,College of Agriculture and Natural Resources,Yes,400,Undergraduate,On-campus,No,Daily,4,Yes,Yes,No,Yes,Yes,Yes,Yes,Yes,Yes,3.84
Female,College of Agriculture and Natural Resources,Yes,400,Undergraduate,Off-campus,Yes,Daily,2,Yes,Yes,Yes,No,Yes,Yes,Yes,Yes,Yes,4.76
Male,College of Agriculture and Natural Resources,No,200,Undergraduate,On-campus,No,Several times a week,2,No,Yes,Yes,Yes,Yes,No,Yes,Yes,No,6.78
Female,College of Agriculture and Natural Resources,Yes,200,Undergraduate,Off-campus,Yes,Several times a week,1,Yes,Yes,No,Yes,Yes,Yes,Yes,Yes,Yes,3.47
Female,College of Agriculture and Natural Resources,Yes,100,PhD,On-campus,No,Several times a week,3,Yes,Yes,Yes,No,Yes,Yes,Yes,Yes,Yes,4.62
Female,College of Agriculture and Natural Resources,Yes,200,Undergraduate,Off-campus,No,Daily,5,No,Yes,No,Yes,Yes,Yes,Yes,Yes,Yes,6.35
Male,College of Agriculture and Natural Resources,Yes,300,Undergraduate,On-campus,Yes,Occasionally,4,Yes,Yes,Yes,No,Yes,Yes,Yes,Yes,Yes,3.19
Female,College of Agriculture and Natural Resources,Yes,200,Undergraduate,Off-campus,No,Daily,1,Yes,Yes,No,Yes,No,Yes,Yes,Yes,Yes,1.95
Male,College of Agriculture and Natural Resources,Yes,300,Undergraduate,On-campus,No,Daily,5,Yes,No,No,Yes,Yes,Yes,Yes,Yes,Yes,2.27
Male,College of Agriculture and Natural Resources,Yes,100,Undergraduate,Off-campus,Yes,Daily,1,Yes,Yes,No,No,Yes,Yes,Yes,Yes,Yes,6.38
Male,College of Agriculture and Natural Resources,Yes,400,Undergraduate,On-campus,Yes,Never,1,No,Yes,No,No,Yes,Yes,Yes,Yes,Yes,4.11
Male,College of Agriculture and Natural Resources,Yes,200,Undergraduate,Off-campus,Yes,Occasionally,2,Yes,Yes,No,Yes,Yes,Yes,Yes,Yes,Yes,4.87
Male,College of Agriculture and Natural Resources,Yes,300,Undergraduate,Off-campus,Yes,Daily,5,Yes,Yes,No,Yes,No,Yes,Yes,Yes,Yes,1.08
Male,College of Agriculture and Natural Resources,Yes,200,Undergraduate,Off-campus,No,Occasionally,5,Yes,No,Yes,Yes,No,Yes,Yes,Yes,Yes,3.03
Male,College of Agriculture and Natural Resources,Yes,200,Undergraduate,On-campus,No,Occasionally,2,Yes,No,Yes,Yes,No,Yes,Yes,Yes,Yes,3.95
Male,College of Agriculture and Natural Resources,Yes,400,Undergraduate,Off-campus,No,Never,1,Yes,Yes,Yes,Yes,No,Yes,Yes,Yes,Yes,2.31
Male,College of Agriculture and Natural Resources,Yes,400,Undergraduate,Off-campus,Yes,Occasionally,5,Yes,Yes,Yes,Yes,Yes,Yes,Yes,Yes,Yes,9.56
Male,College of Agriculture and Natural Resources,Yes,300,Undergraduate,Off-campus,No,Daily,2,No,Yes,No,Yes,Yes,Yes,Yes,Yes,Yes,3.0
Male,College of Agriculture and Natural Resources,Yes,400,Undergraduate,Off-campus,No,Daily,2,No,No,Yes,Yes,Yes,Yes,Yes,Yes,Yes,2.07
Male,College of Agriculture and Natural Resources,Yes,400,Undergraduate,Off-campus,No,Several times a week,5,Yes,Yes,Yes,No,Yes,Yes,Yes,Yes,Yes,9.8
Female,College of Agriculture and Natural Resources,Yes,400,Undergraduate,On-campus,Yes,Occasionally,4,Yes,No,Yes,No,Yes,Yes,Yes,Yes,Yes,2.32
Male,College of Agriculture and Natural Resources,Yes,400,Undergraduate,On-campus,No,Occasionally,2,No,No,No,No,Yes,Yes,Yes,Yes,Yes,3.28
Male,College of Agriculture and Natural Resources,Yes,400,Undergraduate,On-campus,Yes,Daily,2,No,Yes,Yes,No,Yes,Yes,Yes,Yes,Yes,4.16
Female,College of Agriculture and Natural Resources,Yes,300,Undergraduate,Off-campus,Yes,Daily,4,Yes,Yes,Yes,Yes,Yes,Yes,Yes,Yes,Yes,1.37
Female,College of Agriculture and Natural Resources,Yes,100,Undergraduate,Off-campus,Yes,Several times a week,5,Yes,Yes,No,Yes,Yes,Yes,Yes,Yes,Yes,4.14
Male,College of Agriculture and Natural Resources,Yes,200,Undergraduate,Off-campus,No,Several times a week,3,Yes,Yes,No,Yes,Yes,Yes,Yes,Yes,Yes,2.5
Female,College of Agriculture and Natural Resources,Yes,100,Undergraduate,Off-campus,Yes,Daily,5,Yes,Yes,No,No,Yes,Yes,Yes,Yes,Yes,2.75
Male,College of Agriculture and Natural Resources,Yes,400,Undergraduate,Off-campus,No,Never,1,Yes,Yes,Yes,Yes,Yes,Yes,Yes,Yes,Yes,6.26
Female,College of Agriculture and Natural Resources,Yes,100,Undergraduate,Off-campus,No,Several times a week,5,No,Yes,No,No,Yes,Yes,Yes,Yes,Yes,0.87
Male,College of Agriculture and Natural Resources,Yes,100,Undergraduate,On-campus,Yes,Daily,1,Yes,Yes,Yes,No,Yes,Yes,Yes,Yes,Yes,4.8
Male,College of Agriculture and Natural Resources,Yes,200,Undergraduate,Off-campus,No,Never,3,Yes,Yes,Yes,Yes,Yes,Yes,Yes,Yes,Yes,1.13
Male,College of Agriculture and Natural Resources,Yes,400,Undergraduate,Off-campus,Yes,Occasionally,3,No,Yes,No,No,Yes,Yes,Yes,Yes,Yes,5.61
Male,College of Agriculture and Natural Resources,Yes,300,Undergraduate,On-campus,No,Daily,1,Yes,Yes,No,No,Yes,Yes,Yes,Yes,Yes,3.38
Male,College of Agriculture and Natural Resources,Yes,200,Undergraduate,Off-campus,Yes,Occasionally,5,Yes,No,Yes,No,Yes,Yes,Yes,Yes,Yes,8.06
Female,College of Agriculture and Natural Resources,Yes,300,Undergraduate,Off-campus,Yes,Daily,5,Yes,Yes,Yes,No,Yes,Yes,Yes,Yes,Yes,0.16
Male,College of Agriculture and Natural Resources,Yes,200,Undergraduate,Off-campus,Yes,Occasionally,4,No,Yes,No,Yes,No,Yes,Yes,Yes,Yes,4.8
Male,College of Agriculture and Natural Resources,Yes,200,Undergraduate,Off-campus,Yes,Daily,2,No,Yes,Yes,Yes,Yes,Yes,Yes,Yes,Yes,6.19
Female,College of Agriculture and Natural Resources,Yes,100,Undergraduate,Off-campus,Yes,Rarely,3,Yes,No,Yes,Yes,Yes,Yes,Yes,Yes,Yes,2.8
Male,College of Agriculture and Natural Resources,No,300,Undergraduate,On-campus,No,Never,1,Yes,Yes,Yes,Yes,No,Yes,No,Yes,Yes,4.36
Female,College of Agriculture and Natural Resources,No,300,Undergraduate,On-campus,No,Never,4,Yes,Yes,Yes,No,No,Yes,Yes,Yes,No,4.05
Female,College of Agriculture and Natural Resources,Yes,300,Undergraduate,On-campus,Yes,Daily,5,No,Yes,Yes,Yes,Yes,Yes,Yes,Yes,Yes,0.44
Male,College of Agriculture and Natural Resources,Yes,300,Undergraduate,Off-campus,Yes,Occasionally,3,Yes,No,No,No,Yes,Yes,Yes,Yes,Yes,9.47
Male,College of Agriculture and Natural Resources,Yes,100,Undergraduate,Off-campus,Yes,Occasionally,4,Yes,Yes,No,No,Yes,Yes,Yes,Yes,Yes,1.83
Female,College of Agriculture and Natural Resources,Yes,300,Undergraduate,On-campus,Yes,Daily,3,No,No,Yes,No,Yes,Yes,Yes,Yes,Yes,1.19
Female,College of Agriculture and Natural Resources,Yes,300,Undergraduate,Off-campus,Yes,Never,2,No,Yes,No,Yes,Yes,Yes,Yes,Yes,Yes,7.9
Female,College of Agriculture and Natural Resources,Yes,200,Undergraduate,On-campus,No,Several times a week,2,Yes,Yes,Yes,Yes,Yes,Yes,Yes,Yes,Yes,6.69
Male,College of Agriculture and Natural Resources,Yes,300,Undergraduate,On-campus,No,Daily,4,No,Yes,Yes,Yes,Yes,Yes,Yes,Yes,Yes,6.47
Male,College of Agriculture and Natural Resources,Yes,200,Undergraduate,Off-campus,No,Daily,3,No,No,Yes,Yes,Yes,Yes,Yes,Yes,Yes,7.52
Male,College of Agriculture and Natural Resources,Yes,200,Undergraduate,Off-campus,Yes,Daily,3,Yes,Yes,No,Yes,Yes,Yes,Yes,Yes,Yes,2.45
Female,College of Agriculture and Natural Resources,Yes,300,Undergraduate,On-campus,No,Never,2,Yes,Yes,Yes,Yes,No,Yes,Yes,Yes,Yes,9.19
Male,College of Agriculture and Natural Resources,No,400,Undergraduate,Off-campus,No,Rarely,5,Yes,No,Yes,No,Yes,Yes,No,No,No,0.3
Female,College of Agriculture and Natural Resources,Yes,300,Undergraduate,Off-campus,Yes,Daily,4,Yes,Yes,Yes,No,Yes,Yes,Yes,Yes,Yes,10.24
Female,College of Agriculture and Natural Resources,Yes,200,Undergraduate,On-campus,No,Daily,1,No,Yes,Yes,Yes,No,Yes,Yes,Yes,Yes,4.41
Male,College of Agriculture and Natural Resources,Yes,200,Undergraduate,Off-campus,No,Daily,2,Yes,No,No,Yes,Yes,Yes,Yes,Yes,Yes,7.08
Male,College of Agriculture and Natural Resources,Yes,300,Undergraduate,Off-campus,No,Never,4,Yes,No,Yes,Yes,Yes,Yes,Yes,Yes,Yes,3.11
Male,College of Agriculture and Natural Resources,Yes,200,Undergraduate,Off-campus,No,Daily,2,Yes,Yes,Yes,No,Yes,Yes,Yes,Yes,Yes,8.83
Male,College of Agriculture and Natural Resources,Yes,200,Undergraduate,On-campus,Yes,Occasionally,5,No,Yes,No,No,Yes,Yes,Yes,Yes,Yes,5.03
Female,College of Agriculture and Natural Resources,Yes,400,Undergraduate,Off-campus,Yes,Daily,4,Yes,No,Yes,Yes,Yes,Yes,Yes,Yes,Yes,9.37
Female,College of Agriculture and Natural Resources,No,300,Undergraduate,On-campus,No,Daily,3,Yes,No,Yes,No,Yes,Yes,No,Yes,No,2.25
Male,College of Agriculture and Natural Resources,Yes,200,Undergraduate,Off-campus,Yes,Several times a week,3,Yes,Yes,No,Yes,Yes,Yes,Yes,Yes,Yes,8.27
Male,College of Agriculture and Natural Resources,No,100,Undergraduate,Off-campus,No,Daily,1,Yes,Yes,Yes,Yes,Yes,Yes,No,Yes,No,6.21
Female,College of Agriculture and Natural Resources,No,400,Undergraduate,On-campus,No,Daily,3,No,Yes,Yes,Yes,Yes,No,No,No,No,0.14
Female,College of Agriculture and Natural Resources,Yes,200,Undergraduate,Off-campus,No,Occasionally,3,Yes,Yes,Yes,Yes,Yes,Yes,Yes,Yes,Yes,0.59
Female,College of Agriculture and Natural Resources,Yes,400,Undergraduate,Off-campus,Yes,Never,4,Yes,Yes,No,No,Yes,Yes,Yes,Yes,Yes,11.25
Male,College of Agriculture and Natural Resources,Yes,100,Undergraduate,Off-campus,No,Several times a week,3,No,Yes,No,No,Yes,Yes,Yes,Yes,Yes,6.9
Female,College of Agriculture and Natural Resources,No,200,Undergraduate,On-campus,Yes,Daily,4,Yes,No,No,No,Yes,Yes,Yes,Yes,Yes,2.13
Female,College of Agriculture and Natural Resources,Yes,300,Undergraduate,Off-campus,Yes,Daily,2,Yes,Yes,Yes,Yes,Yes,Yes,Yes,Yes,Yes,5.52
Female,College of Agriculture and Natural Resources,Yes,200,Undergraduate,On-campus,Yes,Occasionally,1,Yes,No,No,No,Yes,Yes,Yes,Yes,Yes,6.99
Female,College of Agriculture and Natural Resources,Yes,100,Undergraduate,Off-campus,Yes,Daily,5,Yes,Yes,Yes,Yes,Yes,Yes,Yes,Yes,Yes,9.23
Female,College of Agriculture and Natural Resources,Yes,300,Undergraduate,Off-campus,Yes,Occasionally,3,No,Yes,No,Yes,Yes,Yes,Yes,Yes,Yes,7.35
Female,College of Agriculture and Natural Resources,Yes,400,Undergraduate,On-campus,Yes,Daily,4,No,Yes,Yes,Yes,Yes,Yes,Yes,Yes,Yes,2.54
Male,College of Agriculture and Natural Resources,Yes,400,Undergraduate,Off-campus,No,Several times a week,1,No,Yes,No,Yes,Yes,Yes,Yes,Yes,Yes,6.55
Male,College of Agriculture and Natural Resources,Yes,400,Undergraduate,Off-campus,No,Daily,5,Yes,No,Yes,Yes,No,Yes,Yes,Yes,Yes,5.55
Female,College of Agriculture and Natural Resources,Yes,300,Undergraduate,On-campus,Yes,Several times a week,3,Yes,Yes,Yes,Yes,Yes,Yes,Yes,Yes,Yes,0.83
Female,College of Agriculture and Natural Resources,Yes,300,Undergraduate,Off-campus,No,Occasionally,5,Yes,No,Yes,Yes,Yes,Yes,Yes,Yes,Yes,2.71
Female,College of Agriculture and Natural Resources,No,100,Undergraduate,On-campus,No,Occasionally,3,Yes,No,Yes,Yes,No,Yes,No,No,No,0.04
Female,College of Agriculture and Natural Resources,Yes,400,Undergraduate,On-campus,Yes,Occasionally,5,Yes,Yes,Yes,No,Yes,Yes,Yes,Yes,Yes,4.24
Male,College of Agriculture and Natural Resources,Yes,400,Undergraduate,Off-campus,Yes,Rarely,2,Yes,Yes,Yes,No,Yes,Yes,Yes,Yes,Yes,8.94
Male,College of Agriculture and Natural Resources,Yes,100,Masters,On-campus,No,Several times a week,3,Yes,Yes,Yes,Yes,Yes,Yes,Yes,Yes,Yes,5.73
Male,College of Agriculture and Natural Resources,No,200,Undergraduate,On-campus,No,Never,3,Yes,Yes,Yes,No,Yes,Yes,No,Yes,No,1.03
Female,College of Agriculture and Natural Resources,Yes,400,Undergraduate,On-campus,Yes,Daily,5,Yes,Yes,Yes,Yes,Yes,Yes,Yes,Yes,Yes,1.6
Male,College of Agriculture and Natural Resources,Yes,200,Undergraduate,On-campus,No,Daily,2,Yes,Yes,No,No,No,Yes,Yes,Yes,Yes,4.45
Female,College of Agriculture and Natural Resources,Yes,100,Undergraduate,Off-campus,No,Several times a week,2,Yes,Yes,No,Yes,No,Yes,Yes,Yes,Yes,8.45
Male,College of Agriculture and Natural Resources,Yes,200,Undergraduate,On-campus,Yes,Several times a week,1,No,Yes,Yes,No,Yes,Yes,Yes,Yes,Yes,3.34
Female,College of Agriculture and Natural Resources,No,300,Undergraduate,Off-campus,Yes,Daily,1,Yes,Yes,No,Yes,Yes,Yes,Yes,Yes,No,1.46
Male,College of Agriculture and Natural Resources,Yes,200,Undergraduate,On-campus,No,Occasionally,3,No,Yes,Yes,Yes,Yes,Yes,Yes,Yes,Yes,5.56
Male,College of Agriculture and Natural Resources,Yes,200,Undergraduate,Off-campus,Yes,Daily,5,Yes,Yes,Yes,Yes,Yes,Yes,Yes,Yes,Yes,5.14
Male,College of Agriculture and Natural Resources,Yes,100,Undergraduate,Off-campus,No,Daily,5,Yes,Yes,Yes,No,Yes,Yes,Yes,Yes,Yes,1.65
Female,College of Agriculture and Natural Resources,Yes,100,Undergraduate,On-campus,No,Daily,3,Yes,No,Yes,No,Yes,Yes,Yes,Yes,Yes,14.41
Male,College of Agriculture and Natural Resources,Yes,300,Undergraduate,Off-campus,Yes,Daily,3,Yes,Yes,No,No,Yes,Yes,Yes,Yes,Yes,0.11
Male,College of Agriculture and Natural Resources,Yes,300,Undergraduate,Off-campus,No,Several times a week,4,Yes,Yes,Yes,Yes,Yes,Yes,Yes,Yes,Yes,2.96
Male,College of Agriculture and Natural Resources,Yes,300,Undergraduate,Off-campus,No,Several times a week,2,Yes,No,No,No,No,Yes,Yes,Yes,Yes,7.95
Female,College of Agriculture and Natural Resources,Yes,400,Undergraduate,On-campus,Yes,Occasionally,5,Yes,No,Yes,No,Yes,Yes,Yes,Yes,Yes,3.82
Male,College of Agriculture and Natural Resources,Yes,300,Undergraduate,Off-campus,No,Daily,1,Yes,Yes,Yes,No,Yes,Yes,Yes,Yes,Yes,3.01
Female,College of Agriculture and Natural Resources,Yes,400,Undergraduate,On-campus,No,Daily,1,Yes,No,Yes,Yes,Yes,Yes,Yes,Yes,Yes,1.81
Female,College of Agriculture and Natural Resources,Yes,400,Undergraduate,Off-campus,No,Daily,3,Yes,Yes,Yes,No,Yes,Yes,Yes,Yes,Yes,3.05
Male,College of Agriculture and Natural Resources,Yes,400,Undergraduate,On-campus,No,Several times a week,4,Yes,No,No,No,No,Yes,Yes,Yes,Yes,9.75
Female,College of Agriculture and Natural Resources,No,200,Undergraduate,Off-campus,Yes,Daily,3,Yes,Yes,Yes,No,Yes,Yes,No,No,No,3.33
Female,College of Agriculture and Natural Resources,Yes,200,Undergraduate,On-campus,No,Daily,4,Yes,Yes,No,No,Yes,Yes,Yes,Yes,Yes,3.12
Male,College of Agriculture and Natural Resources,Yes,300,Undergraduate,Off-campus,Yes,Daily,2,Yes,Yes,Yes,Yes,Yes,Yes,Yes,Yes,Yes,2.69
Female,College of Agriculture and Natural Resources,Yes,300,Undergraduate,Off-campus,No,Daily,4,Yes,Yes,No,No,Yes,Yes,Yes,Yes,Yes,5.16
Female,College of Agriculture and Natural Resources,Yes,200,Undergraduate,Off-campus,Yes,Several times a week,2,No,No,Yes,Yes,Yes,Yes,Yes,Yes,Yes,5.74
Male,College of Agriculture and Natural Resources,Yes,200,PhD,On-campus,Yes,Daily,2,Yes,No,Yes,Yes,Yes,Yes,Yes,Yes,Yes,8.51
Female,College of Agriculture and Natural Resources,Yes,300,Undergraduate,On-campus,No,Daily,2,Yes,Yes,Yes,No,Yes,Yes,Yes,Yes,Yes,9.42
Female,College of Agriculture and Natural Resources,Yes,300,Undergraduate,Off-campus,No,Daily,2,Yes,Yes,No,Yes,Yes,Yes,Yes,Yes,Yes,0.48
Male,College of Agriculture and Natural Resources,Yes,100,Undergraduate,Off-campus,No,Several times a week,4,Yes,Yes,No,Yes,Yes,Yes,Yes,Yes,Yes,1.33
Male,College of Agriculture and Natural Resources,Yes,100,Undergraduate,On-campus,Yes,Occasionally,2,No,No,Yes,No,Yes,Yes,Yes,Yes,Yes,2.86
Female,College of Agriculture and Natural Resources,Yes,300,Undergraduate,Off-campus,No,Daily,3,Yes,Yes,No,No,Yes,Yes,Yes,Yes,Yes,1.57
Male,College of Art and Built Environment,Yes,100,Undergraduate,On-campus,No,Several times a week,3,Yes,Yes,Yes,No,Yes,Yes,Yes,Yes,Yes,4.41
Female,College of Art and Built Environment,Yes,300,Undergraduate,On-campus,No,Occasionally,1,Yes,Yes,Yes,Yes,Yes,Yes,Yes,Yes,Yes,5.78
Male,College of Art and Built Environment,Yes,400,Undergraduate,Off-campus,Yes,Daily,3,Yes,No,Yes,No,Yes,Yes,Yes,Yes,Yes,1.4
Male,College of Art and Built Environment,Yes,200,Undergraduate,Off-campus,Yes,Several times a week,3,Yes,No,No,Yes,Yes,Yes,Yes,Yes,Yes,1.4
Male,College of Art and Built Environment,Yes,200,Undergraduate,Off-campus,No,Never,1,Yes,Yes,No,Yes,Yes,Yes,Yes,Yes,Yes,5.46
Female,College of Art and Built Environment,Yes,300,Undergraduate,Off-campus,Yes,Several times a week,5,Yes,Yes,Yes,No,Yes,Yes,Yes,Yes,Yes,2.96
Male,College of Art and Built Environment,Yes,300,Undergraduate,Off-campus,No,Daily,4,Yes,Yes,No,No,Yes,Yes,Yes,Yes,Yes,3.33
Female,College of Art and Built Environment,Yes,300,Undergraduate,Off-campus,No,Rarely,4,No,Yes,No,No,No,Yes,Yes,Yes,Yes,6.07
Female,College of Art and Built Environment,Yes,400,Undergraduate,On-campus,No,Daily,2,No,Yes,Yes,No,Yes,Yes,Yes,Yes,Yes,3.92
Male,College of Art and Built Environment,Yes,100,Undergraduate,On-campus,No,Daily,3,Yes,Yes,No,No,Yes,Yes,Yes,Yes,Yes,1.15
Female,College of Art and Built Environment,No,300,Undergraduate,Off-campus,Yes,Occasionally,4,Yes,Yes,Yes,Yes,Yes,No,No,Yes,No,5.9
Female,College of Art and Built Environment,Yes,200,Postgraduate,Off-campus,No,Several times a week,2,Yes,Yes,Yes,No,Yes,Yes,Yes,Yes,Yes,2.39
Male,College of Art and Built Environment,Yes,400,Undergraduate,Off-campus,No,Daily,3,Yes,No,No,No,Yes,Yes,Yes,Yes,Yes,6.26
Female,College of Art and Built Environment,No,300,Undergraduate,Off-campus,No,Daily,3,Yes,No,No,Yes,No,Yes,No,Yes,No,0.32
Female,College of Art and Built Environment,No,300,Undergraduate,On-campus,No,Daily,2,Yes,No,No,No,No,Yes,No,Yes,Yes,4.72
Female,College of Art and Built Environment,Yes,200,Postgraduate,On-campus,No,Never,3,Yes,Yes,Yes,Yes,Yes,Yes,Yes,Yes,Yes,0.73
Female,College of Art and Built Environment,Yes,200,Undergraduate,Off-campus,Yes,Daily,4,Yes,No,Yes,No,Yes,Yes,Yes,Yes,Yes,0.45
Female,College of Art and Built Environment,Yes,100,Undergraduate,On-campus,Yes,Rarely,1,Yes,Yes,No,No,Yes,Yes,Yes,Yes,Yes,1.26
Male,College of Art and Built Environment,Yes,300,Undergraduate,Off-campus,No,Several times a week,5,Yes,Yes,Yes,Yes,No,Yes,Yes,Yes,Yes,4.44
Female,College of Art and Built Environment,Yes,100,Undergraduate,On-campus,Yes,Daily,3,Yes,Yes,No,No,Yes,Yes,Yes,Yes,Yes,1.97
Female,College of Art and Built Environment,Yes,100,Undergraduate,On-campus,No,Daily,5,Yes,No,No,Yes,Yes,Yes,Yes,Yes,Yes,9.54
Female,College of Art and Built Environment,Yes,100,PhD,Off-campus,No,Daily,3,Yes,Yes,No,No,Yes,Yes,Yes,Yes,Yes,2.18
Male,College of Art and Built Environment,Yes,100,Undergraduate,Off-campus,No,Daily,4,Yes,Yes,Yes,No,Yes,Yes,Yes,Yes,Yes,1.22
Female,College of Art and Built Environment,Yes,400,Undergraduate,Off-campus,Yes,Daily,4,Yes,Yes,No,No,Yes,Yes,Yes,Yes,Yes,9.87
Male,College of Art and Built Environment,Yes,200,Undergraduate,Off-campus,No,Several times a week,3,Yes,No,No,Yes,Yes,Yes,Yes,Yes,Yes,5.1
Male,College of Art and Built Environment,Yes,200,Undergraduate,Off-campus,Yes,Occasionally,4,Yes,No,No,Yes,Yes,Yes,Yes,Yes,Yes,7.1
Male,College of Art and Built Environment,No,200,Undergraduate,Off-campus,Yes,Several times a week,2,Yes,Yes,Yes,Yes,Yes,Yes,No,Yes,No,7.0
Male,College of Art and Built Environment,Yes,400,Undergraduate,On-campus,No,Several times a week,3,Yes,Yes,Yes,No,Yes,Yes,Yes,Yes,Yes,5.57
Male,College of Art and Built Environment,No,400,Undergraduate,Off-campus,No,Daily,3,Yes,No,Yes,Yes,Yes,No,No,No,No,3.34
Female,College of Art and Built Environment,Yes,200,Undergraduate,On-campus,Yes,Daily,2,Yes,Yes,No,Yes,Yes,Yes,Yes,Yes,Yes,1.94
Female,College of Art and Built Environment,Yes,300,Undergraduate,Off-campus,Yes,Several times a week,3,Yes,Yes,No,Yes,No,Yes,Yes,Yes,Yes,14.36
Female,College of Art and Built Environment,Yes,400,Undergraduate,On-campus,No,Occasionally,2,Yes,No,No,No,Yes,Yes,Yes,Yes,Yes,1.75
Female,College of Art and Built Environment,Yes,200,Undergraduate,Off-campus,No,Several times a week,4,Yes,Yes,No,No,Yes,Yes,Yes,Yes,Yes,7.94
Female,College of Art and Built Environment,Yes,300,Undergraduate,On-campus,Yes,Several times a week,3,Yes,Yes,Yes,No,Yes,Yes,Yes,Yes,Yes,6.98
Male,College of Art and Built Environment,No,200,Undergraduate,Off-campus,No,Daily,2,Yes,No,Yes,Yes,Yes,Yes,No,No,No,9.88
Male,College of Art and Built Environment,Yes,200,Undergraduate,Off-campus,No,Several times a week,5,Yes,Yes,Yes,Yes,Yes,Yes,Yes,Yes,Yes,4.9
Male,College of Art and Built Environment,Yes,300,Undergraduate,Off-campus,Yes,Several times a week,4,No,Yes,Yes,Yes,Yes,Yes,Yes,Yes,Yes,3.86
Female,College of Art and Built Environment,No,300,Undergraduate,On-campus,No,Daily,3,Yes,Yes,Yes,No,No,No,No,Yes,No,6.86
Female,College of Art and Built Environment,Yes,100,Undergraduate,On-campus,No,Occasionally,1,Yes,No,Yes,No,No,Yes,Yes,Yes,Yes,1.55
Female,College of Art and Built Environment,Yes,400,Undergraduate,Off-campus,Yes,Rarely,4,Yes,Yes,No,No,Yes,Yes,Yes,Yes,Yes,1.85
Female,College of Art and Built Environment,Yes,300,Undergraduate,Off-campus,No,Occasionally,4,Yes,Yes,No,Yes,Yes,Yes,Yes,Yes,Yes,2.37
Female,College of Art and Built Environment,Yes,300,Undergraduate,Off-campus,No,Daily,4,Yes,Yes,Yes,Yes,Yes,Yes,Yes,Yes,Yes,4.23
Female,College of Art and Built Environment,Yes,200,Undergraduate,On-campus,No,Occasionally,2,Yes,No,No,Yes,Yes,Yes,Yes,Yes,Yes,9.26
Male,College of Art and Built Environment,Yes,100,Undergraduate,Off-campus,No,Occasionally,5,Yes,No,No,Yes,No,Yes,Yes,Yes,Yes,1.39
Male,College of Art and Built Environment,Yes,300,Undergraduate,Off-campus,No,Daily,5,Yes,Yes,Yes,No,Yes,Yes,Yes,Yes,Yes,1.93
Female,College of Art and Built Environment,Yes,200,Undergraduate,On-campus,No,Occasionally,3,Yes,Yes,Yes,Yes,Yes,Yes,Yes,Yes,Yes,6.8
Female,College of Art and Built Environment,Yes,100,Undergraduate,On-campus,No,Occasionally,5,No,Yes,Yes,Yes,Yes,Yes,Yes,Yes,Yes,7.72
Male,College of Art and Built Environment,No,400,Undergraduate,Off-campus,No,Occasionally,5,No,No,No,Yes,Yes,No,No,No,Yes,0.3
Male,College of Art and Built Environment,Yes,400,Undergraduate,Off-campus,Yes,Daily,5,Yes,Yes,No,Yes,Yes,Yes,Yes,Yes,Yes,12.37
Male,College of Art and Built Environment,Yes,100,Undergraduate,Off-campus,Yes,Several times a week,3,Yes,No,No,No,Yes,Yes,Yes,Yes,Yes,2.77
Female,College of Art and Built Environment,Yes,300,Undergraduate,On-campus,Yes,Daily,3,No,No,No,Yes,Yes,Yes,Yes,Yes,Yes,7.05
Male,College of Art and Built Environment,Yes,200,Undergraduate,Off-campus,Yes,Rarely,4,Yes,No,No,Yes,Yes,Yes,Yes,Yes,Yes,3.79
Male,College of Art and Built Environment,Yes,200,Undergraduate,On-campus,No,Occasionally,3,Yes,No,No,No,No,Yes,Yes,Yes,Yes,7.91
Female,College of Art and Built Environment,Yes,100,Undergraduate,Off-campus,Yes,Several times a week,5,No,Yes,No,No,Yes,Yes,Yes,Yes,Yes,4.24
Male,College of Art and Built Environment,Yes,100,Undergraduate,Off-campus,No,Occasionally,1,No,Yes,No,No,Yes,Yes,Yes,Yes,Yes,9.81
Female,College of Art and Built Environment,Yes,400,Undergraduate,Off-campus,Yes,Several times a week,3,Yes,Yes,Yes,Yes,Yes,Yes,Yes,Yes,Yes,3.63
Female,College of Art and Built Environment,Yes,300,Undergraduate,Off-campus,Yes,Occasionally,3,Yes,No,Yes,Yes,Yes,Yes,Yes,Yes,Yes,4.09
Male,College of Art and Built Environment,Yes,200,Undergraduate,Off-campus,Yes,Daily,3,Yes,Yes,Yes,No,Yes,Yes,Yes,Yes,Yes,0.67
Female,College of Art and Built Environment,No,100,Undergraduate,On-campus,No,Daily,3,Yes,No,Yes,Yes,Yes,Yes,Yes,No,Yes,3.13
Female,College of Art and Built Environment,Yes,400,Undergraduate,Off-campus,Yes,Daily,5,No,Yes,Yes,No,No,Yes,Yes,Yes,Yes,14.74
Female,College of Art and Built Environment,Yes,300,Undergraduate,Off-campus,No,Daily,3,Yes,Yes,Yes,Yes,Yes,Yes,Yes,Yes,Yes,12.68
Male,College of Art and Built Environment,Yes,200,Undergraduate,Off-campus,No,Daily,2,No,No,No,No,Yes,Yes,Yes,Yes,Yes,1.11
Female,College of Art and Built Environment,Yes,300,Undergraduate,On-campus,No,Daily,2,Yes,Yes,Yes,No,Yes,Yes,Yes,Yes,Yes,4.95
Female,College of Art and Built Environment,Yes,300,Undergraduate,Off-campus,Yes,Several times a week,2,Yes,Yes,No,No,Yes,Yes,Yes,Yes,Yes,7.09
Male,College of Art and Built Environment,Yes,100,Undergraduate,On-campus,No,Occasionally,2,No,Yes,Yes,No,Yes,Yes,Yes,Yes,Yes,5.06
Male,College of Art and Built Environment,No,300,Undergraduate,Off-campus,Yes,Occasionally,3,Yes,Yes,Yes,Yes,Yes,Yes,No,Yes,Yes,3.64
Male,College of Art and Built Environment,Yes,400,Undergraduate,Off-campus,No,Several times a week,1,Yes,Yes,No,Yes,Yes,Yes,Yes,Yes,Yes,5.66
Male,College of Art and Built Environment,Yes,300,Undergraduate,Off-campus,No,Several times a week,4,Yes,No,Yes,No,No,Yes,Yes,Yes,Yes,0.31
Female,College of Art and Built Environment,Yes,400,Undergraduate,Off-campus,Yes,Several times a week,3,Yes,Yes,Yes,Yes,Yes,Yes,Yes,Yes,Yes,2.38
Female,College of Art and Built Environment,Yes,200,Undergraduate,Off-campus,Yes,Daily,1,Yes,Yes,Yes,No,Yes,Yes,Yes,Yes,Yes,2.06
Female,College of Art and Built Environment,Yes,400,Undergraduate,Off-campus,Yes,Occasionally,2,Yes,Yes,Yes,No,Yes,Yes,Yes,Yes,Yes,1.71
Male,College of Art and Built Environment,Yes,300,Undergraduate,On-campus,No,Daily,5,No,No,No,No,No,Yes,Yes,Yes,Yes,4.74
Male,College of Art and Built Environment,Yes,200,Undergraduate,On-campus,Yes,Daily,4,Yes,No,Yes,No,Yes,Yes,Yes,Yes,Yes,3.7
Male,College of Art and Built Environment,Yes,300,Undergraduate,Off-campus,No,Daily,1,Yes,Yes,Yes,Yes,No,Yes,Yes,Yes,Yes,6.69
Female,College of Art and Built Environment,Yes,200,Undergraduate,Off-campus,No,Daily,5,No,Yes,No,Yes,Yes,Yes,Yes,Yes,Yes,10.86
Female,College of Art and Built Environment,Yes,200,Undergraduate,On-campus,No,Daily,1,Yes,Yes,Yes,No,Yes,Yes,Yes,Yes,Yes,0.88
Male,College of Art and Built Environment,Yes,300,Undergraduate,Off-campus,Yes,Daily,4,No,Yes,No,No,Yes,Yes,Yes,Yes,Yes,0.41
Female,College of Art and Built Environment,Yes,400,Undergraduate,Off-campus,No,Daily,1,No,No,No,No,Yes,Yes,Yes,Yes,Yes,8.24
Male,College of Art and Built Environment,Yes,100,Postgraduate,Off-campus,Yes,Several times a week,4,Yes,Yes,No,No,Yes,Yes,Yes,Yes,Yes,1.85
Male,College of Art and Built Environment,Yes,300,Undergraduate,Off-campus,Yes,Occasionally,2,Yes,Yes,Yes,Yes,Yes,Yes,Yes,Yes,Yes,4.71
Male,College of Art and Built Environment,No,300,Undergraduate,Off-campus,Yes,Never,4,Yes,Yes,Yes,Yes,No,Yes,No,No,No,8.15
Male,College of Art and Built Environment,Yes,200,Undergraduate,Off-campus,No,Rarely,2,Yes,No,Yes,No,Yes,Yes,Yes,Yes,Yes,13.42
Male,College of Art and Built Environment,No,200,Undergraduate,On-campus,Yes,Occasionally,2,No,No,Yes,Yes,No,Yes,Yes,No,No,8.1
Female,College of Art and Built Environment,Yes,300,Undergraduate,Off-campus,Yes,Daily,1,Yes,No,Yes,Yes,Yes,Yes,Yes,Yes,Yes,7.53
Male,College of Art and Built Environment,No,300,Undergraduate,On-campus,No,Daily,5,No,No,No,No,No,No,No,Yes,Yes,5.62
Male,College of Art and Built Environment,Yes,200,Undergraduate,Off-campus,No,Never,2,Yes,Yes,No,No,Yes,Yes,Yes,Yes,Yes,1.14
Male,College of Art and Built Environment,Yes,400,Undergraduate,Off-campus,Yes,Daily,3,Yes,Yes,Yes,No,Yes,Yes,Yes,Yes,Yes,14.6
Male,College of Art and Built Environment,Yes,200,Undergraduate,Off-campus,No,Rarely,4,Yes,Yes,No,Yes,Yes,Yes,Yes,Yes,Yes,1.38
Female,College of Art and Built Environment,Yes,100,Undergraduate,Off-campus,No,Several times a week,5,Yes,Yes,No,No,Yes,Yes,Yes,Yes,Yes,3.68
Female,College of Art and Built Environment,Yes,300,Undergraduate,Off-campus,No,Occasionally,2,Yes,Yes,No,Yes,Yes,Yes,Yes,Yes,Yes,2.16
Male,College of Art and Built Environment,Yes,200,Undergraduate,Off-campus,Yes,Daily,1,Yes,Yes,Yes,Yes,Yes,Yes,Yes,Yes,Yes,1.29
Female,College of Art and Built Environment,Yes,100,Undergraduate,Off-campus,No,Daily,1,Yes,No,Yes,Yes,Yes,Yes,Yes,Yes,Yes,4.33
Male,College of Art and Built Environment,Yes,200,Undergraduate,Off-campus,No,Occasionally,3,Yes,Yes,Yes,No,Yes,Yes,Yes,Yes,Yes,0.02
Male,College of Art and Built Environment,No,100,Undergraduate,On-campus,Yes,Daily,3,Yes,Yes,Yes,Yes,No,No,No,Yes,Yes,9.62
Male,College of Art and Built Environment,Yes,100,Distant Learning,On-campus,Yes,Occasionally,2,Yes,Yes,No,Yes,Yes,Yes,Yes,Yes,Yes,1.69
Female,College of Art and Built Environment,No,300,Undergraduate,Off-campus,No,Daily,1,Yes,No,Yes,Yes,Yes,No,No,Yes,No,3.22
Male,College of Art and Built Environment,Yes,200,Undergraduate,Off-campus,Yes,Occasionally,1,Yes,No,No,Yes,Yes,Yes,Yes,Yes,Yes,9.26
Female,College of Art and Built Environment,No,400,Undergraduate,Off-campus,No,Several times a week,2,Yes,Yes,Yes,Yes,Yes,Yes,No,Yes,No,7.6
Male,College of Art and Built Environment,Yes,400,Undergraduate,Off-campus,No,Rarely,1,Yes,Yes,No,No,No,Yes,Yes,Yes,Yes,8.05
Male,College of Art and Built Environment,Yes,100,Undergraduate,Off-campus,Yes,Daily,1,No,Yes,Yes,Yes,Yes,Yes,Yes,Yes,Yes,4.95
Female,College of Art and Built Environment,Yes,300,Undergraduate,On-campus,No,Several times a week,2,Yes,Yes,No,No,Yes,Yes,Yes,Yes,Yes,2.83
Male,College of Art and Built Environment,Yes,200,Undergraduate,On-campus,Yes,Rarely,5,Yes,Yes,Yes,No,Yes,Yes,Yes,Yes,Yes,1.36
Female,College of Art and Built Environment,No,200,Undergraduate,Off-campus,Yes,Several times a week,4,Yes,Yes,No,Yes,No,Yes,Yes,No,Yes,10.96
Female,College of Art and Built Environment,Yes,100,Undergraduate,Off-campus,No,Daily,4,Yes,No,No,Yes,Yes,Yes,Yes,Yes,Yes,9.59
Male,College of Art and Built Environment,Yes,100,Undergraduate,Off-campus,No,Daily,1,No,Yes,No,Yes,Yes,Yes,Yes,Yes,Yes,3.44
Male,College of Art and Built Environment,Yes,300,Undergraduate,Off-campus,Yes,Daily,4,Yes,No,Yes,Yes,Yes,Yes,Yes,Yes,Yes,3.9
Female,College of Art and Built Environment,Yes,200,Undergraduate,Off-campus,No,Daily,1,No,No,Yes,No,No,Yes,Yes,Yes,Yes,2.4
Male,College of Art and Built Environment,Yes,200,Undergraduate,On-campus,Yes,Several times a week,1,Yes,No,No,No,Yes,Yes,Yes,Yes,Yes,3.22
Male,College of Art and Built Environment,Yes,400,Undergraduate,On-campus,No,Occasionally,3,No,Yes,No,Yes,Yes,Yes,Yes,Yes,Yes,3.62
Male,College of Art and Built Environment,Yes,200,Undergraduate,Off-campus,No,Daily,1,Yes,Yes,No,Yes,Yes,Yes,Yes,Yes,Yes,7.76
Male,College of Art and Built Environment,Yes,200,Undergraduate,Off-campus,Yes,Occasionally,5,Yes,No,No,Yes,Yes,Yes,Yes,Yes,Yes,10.95
Male,College of Art and Built Environment,Yes,100,Undergraduate,Off-campus,Yes,Daily,3,Yes,No,No,Yes,Yes,Yes,Yes,Yes,Yes,9.64
Female,College of Art and Built Environment,Yes,200,Undergraduate,On-campus,Yes,Daily,2,Yes,Yes,No,Yes,No,Yes,Yes,Yes,Yes,0.85
Male,College of Art and Built Environment,Yes,400,Undergraduate,Off-campus,Yes,Rarely,1,Yes,No,No,No,Yes,Yes,Yes,Yes,Yes,5.06
Female,College of Art and Built Environment,Yes,200,Undergraduate,Off-campus,Yes,Daily,3,Yes,Yes,Yes,No,Yes,Yes,Yes,Yes,Yes,6.31
Male,College of Art and Built Environment,Yes,300,Undergraduate,Off-campus,No,Daily,3,Yes,No,No,Yes,Yes,Yes,Yes,Yes,Yes,3.72
Female,College of Art and Built Environment,Yes,400,Undergraduate,On-campus,Yes,Daily,5,No,Yes,No,No,Yes,Yes,Yes,Yes,Yes,5.48
Male,College of Art and Built Environment,Yes,300,Undergraduate,On-campus,Yes,Several times a week,4,Yes,Yes,No,No,Yes,Yes,Yes,Yes,Yes,9.42
Male,College of Art and Built Environment,Yes,300,Undergraduate,Off-campus,Yes,Rarely,3,Yes,No,No,No,No,Yes,Yes,Yes,Yes,6.98
Female,College of Art and Built Environment,Yes,100,Undergraduate,Off-campus,Yes,Daily,3,No,Yes,Yes,No,Yes,Yes,Yes,Yes,Yes,13.67
Male,College of Art and Built Environment,No,400,Undergraduate,Off-campus,Yes,Occasionally,4,Yes,Yes,No,No,Yes,No,No,No,Yes,10.41
Male,College of Art and Built Environment,Yes,200,Undergraduate,On-campus,Yes,Daily,4,Yes,Yes,No,No,Yes,Yes,Yes,Yes,Yes,0.28
Male,College of Art and Built Environment,Yes,200,Undergraduate,Off-campus,Yes,Daily,5,No,Yes,No,Yes,Yes,Yes,Yes,Yes,Yes,7.36
Female,College of Art and Built Environment,Yes,400,Undergraduate,Off-campus,Yes,Several times a week,2,Yes,No,No,No,Yes,Yes,Yes,Yes,Yes,1.59
Female,College of Art and Built Environment,No,200,Undergraduate,On-campus,Yes,Daily,3,No,Yes,No,Yes,Yes,Yes,No,No,No,0.4
Male,College of Art and Built Environment,No,300,Undergraduate,Off-campus,No,Daily,2,Yes,Yes,No,Yes,Yes,Yes,No,Yes,No,6.32
Female,College of Art and Built Environment,Yes,100,Undergraduate,On-campus,Yes,Daily,5,No,Yes,Yes,Yes,Yes,Yes,Yes,Yes,Yes,0.62
Male,College of Art and Built Environment,Yes,100,Undergraduate,Off-campus,Yes,Daily,3,Yes,Yes,No,Yes,Yes,Yes,Yes,Yes,Yes,3.24
Male,College of Science,Yes,200,Undergraduate,Off-campus,No,Occasionally,5,Yes,Yes,Yes,Yes,Yes,Yes,Yes,Yes,Yes,2.33
Female,College of Science,Yes,200,Undergraduate,On-campus,No,Daily,5,Yes,Yes,Yes,No,Yes,Yes,Yes,Yes,Yes,7.48
Male,College of Science,Yes,600,Undergraduate,Off-campus,Yes,Several times a week,4,No,No,No,Yes,Yes,Yes,Yes,Yes,Yes,2.84
Male,College of Science,Yes,100,Undergraduate,Off-campus,Yes,Occasionally,2,Yes,No,No,No,No,Yes,Yes,Yes,Yes,2.96
Female,College of Science,Yes,100,Undergraduate,Off-campus,No,Several times a week,1,No,Yes,No,Yes,Yes,Yes,Yes,Yes,Yes,5.96
Male,College of Science,Yes,300,Undergraduate,Off-campus,Yes,Never,1,Yes,No,Yes,Yes,Yes,Yes,Yes,Yes,Yes,2.03
Male,College of Science,No,200,Undergraduate,On-campus,No,Occasionally,4,Yes,Yes,Yes,No,Yes,Yes,No,Yes,No,0.9
Female,College of Science,Yes,300,Undergraduate,Off-campus,Yes,Daily,1,Yes,No,Yes,Yes,No,Yes,Yes,Yes,Yes,7.21
Male,College of Science,Yes,100,Undergraduate,Off-campus,No,Daily,5,Yes,Yes,No,Yes,Yes,Yes,Yes,Yes,Yes,3.15
Male,College of Science,Yes,200,Undergraduate,Off-campus,Yes,Several times a week,1,Yes,Yes,Yes,Yes,Yes,Yes,Yes,Yes,Yes,7.93
Male,College of Science,Yes,500,Undergraduate,Off-campus,No,Never,1,Yes,Yes,Yes,No,Yes,Yes,Yes,Yes,Yes,1.33
Male,College of Science,Yes,100,Undergraduate,On-campus,No,Occasionally,3,Yes,Yes,Yes,Yes,Yes,Yes,Yes,Yes,Yes,2.0
Female,College of Science,Yes,400,Undergraduate,Off-campus,No,Rarely,2,Yes,No,No,Yes,Yes,Yes,Yes,Yes,Yes,1.72
Male,College of Science,Yes,200,Undergraduate,On-campus,Yes,Daily,4,Yes,No,No,Yes,Yes,Yes,Yes,Yes,Yes,7.31
Female,College of Science,Yes,100,Undergraduate,Off-campus,No,Daily,2,No,Yes,Yes,Yes,Yes,Yes,Yes,Yes,Yes,9.53
Female,College of Science,Yes,600,Undergraduate,Off-campus,No,Daily,3,Yes,No,Yes,No,No,Yes,Yes,Yes,Yes,5.59
Female,College of Science,Yes,600,Undergraduate,On-campus,Yes,Daily,5,Yes,No,No,Yes,Yes,Yes,Yes,Yes,Yes,7.1
Male,College of Science,Yes,300,Undergraduate,Off-campus,Yes,Several times a week,5,Yes,Yes,No,Yes,Yes,Yes,Yes,Yes,Yes,13.46
Male,College of Science,Yes,400,Undergraduate,Off-campus,Yes,Daily,2,Yes,No,No,No,Yes,Yes,Yes,Yes,Yes,4.34
Male,College of Science,Yes,400,Undergraduate,On-campus,No,Never,1,Yes,No,No,No,Yes,Yes,Yes,Yes,Yes,2.33
Female,College of Science,Yes,500,Undergraduate,Off-campus,Yes,Daily,4,Yes,Yes,No,Yes,Yes,Yes,Yes,Yes,Yes,6.31
Male,College of Science,Yes,200,Undergraduate,Off-campus,No,Daily,5,Yes,No,Yes,Yes,Yes,Yes,Yes,Yes,Yes,3.61
Male,College of Science,No,600,Undergraduate,Off-campus,No,Occasionally,3,Yes,Yes,Yes,Yes,Yes,Yes,No,No,Yes,0.11
Female,College of Science,No,400,Undergraduate,On-campus,No,Occasionally,4,Yes,No,Yes,Yes,Yes,Yes,Yes,No,Yes,0.68
Female,College of Science,No,300,Undergraduate,Off-campus,No,Occasionally,4,No,No,Yes,No,Yes,Yes,No,No,Yes,1.76
Female,College of Science,Yes,400,Undergraduate,On-campus,No,Occasionally,1,Yes,Yes,No,Yes,Yes,Yes,Yes,Yes,Yes,2.58
Female,College of Science,Yes,400,Undergraduate,Off-campus,No,Occasionally,4,No,Yes,Yes,No,Yes,Yes,Yes,Yes,Yes,9.98
Male,College of Science,Yes,600,Undergraduate,Off-campus,Yes,Occasionally,2,Yes,Yes,Yes,Yes,No,Yes,Yes,Yes,Yes,9.26
Male,College of Science,Yes,200,Undergraduate,Off-campus,No,Occasionally,5,No,Yes,Yes,Yes,Yes,Yes,Yes,Yes,Yes,7.63
Male,College of Science,No,100,Undergraduate,Off-campus,No,Daily,2,Yes,Yes,Yes,Yes,Yes,Yes,Yes,No,No,2.5
Female,College of Science,Yes,200,Undergraduate,Off-campus,Yes,Daily,2,Yes,No,Yes,No,Yes,Yes,Yes,Yes,Yes,0.49
Female,College of Science,Yes,400,Undergraduate,Off-campus,Yes,Several times a week,3,No,Yes,Yes,No,No,Yes,Yes,Yes,Yes,8.63
Female,College of Science,Yes,400,Undergraduate,Off-campus,No,Several times a week,4,Yes,No,Yes,No,Yes,Yes,Yes,Yes,Yes,6.4
Male,College of Science,Yes,200,Undergraduate,Off-campus,No,Daily,3,Yes,Yes,Yes,No,Yes,Yes,Yes,Yes,Yes,4.89
Male,College of Science,Yes,200,Undergraduate,Off-campus,No,Daily,1,No,No,Yes,Yes,Yes,Yes,Yes,Yes,Yes,1.37
Female,College of Science,Yes,300,Undergraduate,Off-campus,No,Daily,3,Yes,Yes,Yes,No,No,Yes,Yes,Yes,Yes,5.78
Female,College of Science,Yes,100,Masters,Off-campus,Yes,Daily,5,No,Yes,Yes,No,Yes,Yes,Yes,Yes,Yes,1.73
Female,College of Science,Yes,400,Undergraduate,Off-campus,No,Daily,2,Yes,Yes,Yes,Yes,No,Yes,Yes,Yes,Yes,2.46
Female,College of Science,Yes,400,Undergraduate,Off-campus,No,Daily,4,No,No,No,Yes,Yes,Yes,Yes,Yes,Yes,5.76
Male,College of Science,Yes,600,Undergraduate,Off-campus,No,Occasionally,5,Yes,Yes,No,Yes,Yes,Yes,Yes,Yes,Yes,3.16
Female,College of Science,Yes,200,Undergraduate,On-campus,No,Daily,1,Yes,Yes,Yes,Yes,Yes,Yes,Yes,Yes,Yes,4.3
Female,College of Science,Yes,200,Undergraduate,Off-campus,No,Daily,4,Yes,Yes,No,Yes,No,Yes,Yes,Yes,Yes,4.9
Male,College of Science,Yes,100,Undergraduate,On-campus,Yes,Daily,2,Yes,Yes,No,Yes,Yes,Yes,Yes,Yes,Yes,12.72
Female,College of Science,Yes,300,Undergraduate,Off-campus,No,Several times a week,5,No,Yes,Yes,Yes,Yes,Yes,Yes,Yes,Yes,5.17
Male,College of Science,Yes,500,Undergraduate,Off-campus,Yes,Several times a week,1,Yes,Yes,Yes,No,Yes,Yes,Yes,Yes,Yes,1.07
Male,College of Science,No,400,Undergraduate,On-campus,Yes,Occasionally,2,Yes,Yes,Yes,Yes,Yes,Yes,No,Yes,Yes,4.26
Female,College of Science,Yes,300,Undergraduate,Off-campus,No,Never,2,Yes,Yes,No,Yes,Yes,Yes,Yes,Yes,Yes,4.44
Female,College of Science,Yes,400,Undergraduate,Off-campus,No,Several times a week,2,Yes,Yes,No,Yes,No,Yes,Yes,Yes,Yes,2.85
Male,College of Science,No,600,Undergraduate,Off-campus,Yes,Occasionally,5,Yes,Yes,No,Yes,Yes,Yes,Yes,No,No,2.08
Male,College of Science,Yes,200,Undergraduate,Off-campus,Yes,Occasionally,3,Yes,Yes,Yes,Yes,Yes,Yes,Yes,Yes,Yes,2.72
Male,College of Science,Yes,100,Undergraduate,Off-campus,No,Occasionally,3,Yes,Yes,No,Yes,Yes,Yes,Yes,Yes,Yes,7.31
Male,College of Science,Yes,600,Undergraduate,Off-campus,No,Occasionally,4,Yes,Yes,No,Yes,No,Yes,Yes,Yes,Yes,2.66
Male,College of Science,Yes,500,Undergraduate,Off-campus,Yes,Daily,4,No,Yes,No,Yes,Yes,Yes,Yes,Yes,Yes,7.78
Male,College of Science,No,100,Undergraduate,On-campus,No,Several times a week,2,Yes,Yes,No,No,Yes,No,No,Yes,Yes,12.64
Female,College of Science,Yes,600,Undergraduate,Off-campus,Yes,Occasionally,3,Yes,Yes,Yes,No,No,Yes,Yes,Yes,Yes,2.16
Female,College of Science,Yes,500,Undergraduate,Off-campus,Yes,Several times a week,4,Yes,No,Yes,No,Yes,Yes,Yes,Yes,Yes,6.38
Female,College of Science,Yes,200,Undergraduate,Off-campus,No,Occasionally,2,Yes,Yes,Yes,Yes,No,Yes,Yes,Yes,Yes,1.25
Male,College of Science,No,200,Undergraduate,Off-campus,Yes,Daily,4,Yes,Yes,No,Yes,Yes,No,No,No,Yes,5.13
Female,College of Science,Yes,600,Undergraduate,Off-campus,No,Daily,4,Yes,Yes,No,Yes,Yes,Yes,Yes,Yes,Yes,7.7
Male,College of Science,Yes,200,Undergraduate,Off-campus,No,Occasionally,1,Yes,No,No,Yes,Yes,Yes,Yes,Yes,Yes,12.06
Male,College of Science,Yes,200,Undergraduate,Off-campus,No,Daily,2,No,Yes,No,No,No,Yes,Yes,Yes,Yes,3.68
Male,College of Science,Yes,200,Undergraduate,Off-campus,Yes,Daily,3,No,Yes,No,Yes,No,Yes,Yes,Yes,Yes,3.7
Male,College of Science,Yes,300,Undergraduate,On-campus,No,Occasionally,4,Yes,Yes,No,Yes,Yes,Yes,Yes,Yes,Yes,8.8
Male,College of Science,Yes,500,Undergraduate,Off-campus,Yes,Occasionally,1,Yes,Yes,No,Yes,No,Yes,Yes,Yes,Yes,1.75
Male,College of Science,Yes,600,Undergraduate,On-campus,No,Daily,5,Yes,Yes,Yes,No,Yes,Yes,Yes,Yes,Yes,13.01
Male,College of Science,Yes,300,Undergraduate,Off-campus,Yes,Several times a week,4,Yes,Yes,Yes,No,Yes,Yes,Yes,Yes,Yes,7.24
Male,College of Science,Yes,600,Undergraduate,Off-campus,Yes,Rarely,2,Yes,Yes,No,Yes,Yes,Yes,Yes,Yes,Yes,0.86
Male,College of Science,Yes,300,Undergraduate,Off-campus,Yes,Daily,3,No,No,No,Yes,Yes,Yes,Yes,Yes,Yes,3.3
Female,College of Science,Yes,400,Undergraduate,Off-campus,Yes,Occasionally,4,No,Yes,Yes,Yes,Yes,Yes,Yes,Yes,Yes,0.55
Male,College of Science,Yes,600,Undergraduate,Off-campus,Yes,Several times a week,4,Yes,No,No,Yes,Yes,Yes,Yes,Yes,Yes,4.42
Male,College of Science,Yes,500,Undergraduate,On-campus,Yes,Occasionally,5,Yes,Yes,Yes,No,Yes,Yes,Yes,Yes,Yes,0.8
Female,College of Science,Yes,500,Undergraduate,Off-campus,Yes,Never,3,Yes,Yes,Yes,Yes,No,Yes,Yes,Yes,Yes,0.49
Male,College of Science,No,300,Undergraduate,Off-campus,Yes,Daily,4,Yes,Yes,Yes,No,Yes,Yes,Yes,Yes,No,5.12
Male,College of Science,Yes,100,Undergraduate,Off-campus,No,Occasionally,4,No,Yes,No,No,Yes,Yes,Yes,Yes,Yes,3.29
Male,College of Science,Yes,600,Undergraduate,Off-campus,No,Daily,5,Yes,Yes,No,No,Yes,Yes,Yes,Yes,Yes,6.79
Female,College of Science,Yes,500,Undergraduate,On-campus,No,Daily,3,Yes,Yes,Yes,Yes,Yes,Yes,Yes,Yes,Yes,2.59
Male,College of Science,Yes,100,Undergraduate,Off-campus,No,Occasionally,2,Yes,Yes,No,Yes,No,Yes,Yes,Yes,Yes,0.87
Male,College of Science,Yes,500,Undergraduate,Off-campus,Yes,Several times a week,3,Yes,No,Yes,Yes,Yes,Yes,Yes,Yes,Yes,0.85
Male,College of Science,Yes,600,Undergraduate,Off-campus,No,Daily,4,Yes,No,Yes,No,Yes,Yes,Yes,Yes,Yes,9.52
Male,College of Science,Yes,200,Undergraduate,Off-campus,No,Daily,3,Yes,Yes,No,No,Yes,Yes,Yes,Yes,Yes,1.71
Female,College of Science,Yes,100,Undergraduate,On-campus,Yes,Daily,3,Yes,Yes,Yes,No,Yes,Yes,Yes,Yes,Yes,4.35
Male,College of Science,No,300,Undergraduate,On-campus,No,Daily,1,Yes,No,No,Yes,No,Yes,No,Yes,No,1.57
Male,College of Science,Yes,500,Undergraduate,Off-campus,Yes,Rarely,2,Yes,Yes,Yes,No,Yes,Yes,Yes,Yes,Yes,5.78
Male,College of Science,Yes,500,Undergraduate,Off-campus,Yes,Daily,4,Yes,Yes,Yes,Yes,Yes,Yes,Yes,Yes,Yes,3.61
Female,College of Science,Yes,600,Undergraduate,Off-campus,No,Occasionally,2,Yes,Yes,Yes,No,Yes,Yes,Yes,Yes,Yes,0.05
Male,College of Science,Yes,500,Undergraduate,Off-campus,Yes,Occasionally,4,Yes,No,No,No,Yes,Yes,Yes,Yes,Yes,2.31
Female,College of Science,Yes,300,Undergraduate,On-campus,Yes,Daily,5,Yes,Yes,Yes,Yes,Yes,Yes,Yes,Yes,Yes,0.26
Female,College of Science,No,400,Undergraduate,On-campus,Yes,Occasionally,3,Yes,Yes,No,No,Yes,No,No,No,Yes,3.82
Female,College of Science,Yes,300,Undergraduate,Off-campus,Yes,Occasionally,4,No,Yes,No,No,Yes,Yes,Yes,Yes,Yes,4.24
Male,College of Science,Yes,100,Undergraduate,Off-campus,Yes,Occasionally,2,Yes,Yes,Yes,Yes,Yes,Yes,Yes,Yes,Yes,5.76
Female,College of Science,Yes,100,Undergraduate,Off-campus,Yes,Daily,2,No,Yes,Yes,Yes,Yes,Yes,Yes,Yes,Yes,1.72
Male,College of Science,Yes,200,Undergraduate,Off-campus,Yes,Never,2,Yes,Yes,No,No,No,Yes,Yes,Yes,Yes,3.27
Male,College of Science,Yes,500,Undergraduate,Off-campus,No,Occasionally,2,Yes,Yes,Yes,Yes,Yes,Yes,Yes,Yes,Yes,1.0
Male,College of Science,Yes,600,Undergraduate,On-campus,Yes,Rarely,1,Yes,Yes,No,Yes,Yes,Yes,Yes,Yes,Yes,1.95
Female,College of Science,Yes,100,Undergraduate,Off-campus,Yes,Daily,2,Yes,Yes,Yes,Yes,Yes,Yes,Yes,Yes,Yes,4.87
Male,College of Science,No,300,Undergraduate,Off-campus,No,Occasionally,3,Yes,No,No,Yes,Yes,No,No,Yes,No,3.25
Female,College of Science,No,600,Undergraduate,Off-campus,No,Occasionally,3,Yes,No,Yes,No,Yes,Yes,No,Yes,No,8.96
Male,College of Science,Yes,600,Undergraduate,Off-campus,No,Daily,3,Yes,No,Yes,No,Yes,Yes,Yes,Yes,Yes,1.18
Male,College of Science,Yes,500,Undergraduate,On-campus,No,Occasionally,4,Yes,Yes,Yes,Yes,Yes,Yes,Yes,Yes,Yes,8.06
Male,College of Science,Yes,300,Undergraduate,Off-campus,No,Daily,4,Yes,Yes,Yes,Yes,Yes,Yes,Yes,Yes,Yes,1.42
Male,College of Science,Yes,200,Undergraduate,Off-campus,No,Daily,1,No,No,No,No,Yes,Yes,Yes,Yes,Yes,5.59
Male,College of Science,No,200,Undergraduate,Off-campus,Yes,Daily,4,Yes,Yes,No,No,Yes,Yes,No,No,Yes,5.24
Female,College of Science,Yes,500,Undergraduate,Off-campus,No,Never,3,Yes,Yes,Yes,Yes,Yes,Yes,Yes,Yes,Yes,3.88
Male,College of Science,Yes,200,Undergraduate,On-campus,Yes,Daily,3,Yes,Yes,No,No,Yes,Yes,Yes,Yes,Yes,4.65
Male,College of Science,Yes,500,Undergraduate,On-campus,Yes,Occasionally,1,Yes,Yes,No,No,No,Yes,Yes,Yes,Yes,12.03
Female,College of Science,No,600,Undergraduate,On-campus,Yes,Daily,3,Yes,Yes,Yes,No,Yes,Yes,Yes,Yes,No,0.08
Female,College of Science,No,400,Undergraduate,Off-campus,Yes,Occasionally,1,Yes,Yes,No,No,Yes,Yes,No,Yes,No,8.77
Male,College of Science,No,200,Undergraduate,On-campus,Yes,Daily,4,Yes,Yes,Yes,Yes,No,No,Yes,No,No,2.73
Male,College of Science,Yes,200,Undergraduate,Off-campus,No,Occasionally,1,Yes,Yes,Yes,Yes,Yes,Yes,Yes,Yes,Yes,1.33
Female,College of Science,Yes,200,Undergraduate,On-campus,Yes,Never,3,Yes,Yes,Yes,No,Yes,Yes,Yes,Yes,Yes,2.19
Male,College of Science,Yes,200,Undergraduate,On-campus,No,Several times a week,5,Yes,Yes,Yes,No,Yes,Yes,Yes,Yes,Yes,5.69
Female,College of Science,No,400,Undergraduate,On-campus,No,Several times a week,4,Yes,Yes,Yes,Yes,Yes,No,Yes,No,No,2.13
Male,College of Science,Yes,300,Undergraduate,Off-campus,Yes,Daily,2,Yes,Yes,Yes,No,No,Yes,Yes,Yes,Yes,1.83
Female,College of Science,No,200,Undergraduate,Off-campus,No,Occasionally,2,Yes,Yes,No,No,Yes,No,No,Yes,No,9.36
Female,College of Science,Yes,300,Undergraduate,Off-campus,Yes,Daily,1,Yes,No,No,Yes,Yes,Yes,Yes,Yes,Yes,2.22
Female,College of Science,Yes,500,Undergraduate,Off-campus,Yes,Several times a week,5,No,No,Yes,No,Yes,Yes,Yes,Yes,Yes,1.7
Female,College of Science,Yes,100,Masters,On-campus,Yes,Occasionally,3,Yes,No,Yes,No,Yes,Yes,Yes,Yes,Yes,0.6
Female,College of Science,Yes,400,Undergraduate,Off-campus,Yes,Daily,3,Yes,Yes,Yes,No,Yes,Yes,Yes,Yes,Yes,0.29
Male,College of Science,Yes,300,Undergraduate,Off-campus,Yes,Occasionally,2,Yes,Yes,No,No,Yes,Yes,Yes,Yes,Yes,4.3
Female,College of Science,Yes,300,Undergraduate,On-campus,No,Daily,5,Yes,Yes,No,Yes,Yes,Yes,Yes,Yes,Yes,0.9
Male,College of Science,Yes,200,Undergraduate,Off-campus,No,Daily,3,No,Yes,No,Yes,Yes,Yes,Yes,Yes,Yes,0.9
Female,College of Science,Yes,300,Undergraduate,Off-campus,No,Occasionally,1,Yes,Yes,Yes,Yes,Yes,Yes,Yes,Yes,Yes,0.35
Male,College of Science,Yes,400,Undergraduate,Off-campus,No,Occasionally,4,No,No,Yes,No,Yes,Yes,Yes,Yes,Yes,3.9
Female,College of Science,Yes,300,Undergraduate,Off-campus,No,Several times a week,1,Yes,Yes,Yes,Yes,Yes,Yes,Yes,Yes,Yes,3.14
Male,College of Science,Yes,300,Undergraduate,On-campus,No,Daily,2,No,No,No,No,No,Yes,Yes,Yes,Yes,9.64
Male,College of Science,Yes,600,Undergraduate,Off-campus,Yes,Daily,2,Yes,No,Yes,Yes,Yes,Yes,Yes,Yes,Yes,9.48
Male,College of Science,Yes,300,Undergraduate,Off-campus,No,Occasionally,3,No,Yes,No,No,No,Yes,Yes,Yes,Yes,3.65
Male,College of Science,Yes,600,Undergraduate,Off-campus,Yes,Several times a week,5,Yes,No,No,No,Yes,Yes,Yes,Yes,Yes,4.66
Female,College of Health Sciences,Yes,300,Undergraduate,Off-campus,No,Daily,3,Yes,Yes,No,No,Yes,Yes,Yes,Yes,Yes,14.79
Female,College of Health Sciences,No,200,Undergraduate,On-campus,No,Daily,3,Yes,Yes,No,No,Yes,Yes,Yes,No,Yes,1.77
Female,College of Health Sciences,Yes,200,Undergraduate,On-campus,Yes,Never,2,Yes,Yes,No,Yes,No,Yes,Yes,Yes,Yes,9.37
Female,College of Health Sciences,Yes,400,Undergraduate,On-campus,No,Several times a week,2,No,Yes,Yes,No,No,Yes,Yes,Yes,Yes,6.9
Male,College of Health Sciences,Yes,100,Undergraduate,On-campus,Yes,Daily,5,No,Yes,Yes,No,Yes,Yes,Yes,Yes,Yes,9.78
Female,College of Health Sciences,Yes,300,Undergraduate,Off-campus,Yes,Daily,2,Yes,Yes,Yes,No,Yes,Yes,Yes,Yes,Yes,1.85
Male,College of Health Sciences,Yes,400,Undergraduate,On-campus,Yes,Daily,2,Yes,Yes,Yes,No,No,Yes,Yes,Yes,Yes,3.11
Female,College of Health Sciences,Yes,400,Undergraduate,On-campus,No,Occasionally,3,Yes,Yes,Yes,Yes,Yes,Yes,Yes,Yes,Yes,0.52
Male,College of Health Sciences,Yes,300,Undergraduate,On-campus,No,Daily,4,Yes,Yes,Yes,No,Yes,Yes,Yes,Yes,Yes,0.84
Male,College of Health Sciences,Yes,300,Undergraduate,On-campus,No,Daily,4,No,Yes,Yes,Yes,Yes,Yes,Yes,Yes,Yes,2.14
Male,College of Health Sciences,Yes,400,Undergraduate,On-campus,No,Daily,1,Yes,Yes,No,Yes,Yes,Yes,Yes,Yes,Yes,3.9
Female,College of Health Sciences,Yes,400,Undergraduate,On-campus,No,Daily,4,Yes,No,Yes,Yes,Yes,Yes,Yes,Yes,Yes,1.4
Female,College of Health Sciences,Yes,400,Undergraduate,Off-campus,No,Daily,5,No,Yes,No,Yes,No,Yes,Yes,Yes,Yes,1.23
Male,College of Health Sciences,Yes,100,Undergraduate,Off-campus,No,Daily,2,Yes,Yes,Yes,Yes,Yes,Yes,Yes,Yes,Yes,2.34
Male,College of Health Sciences,Yes,200,Undergraduate,Off-campus,No,Occasionally,3,No,Yes,No,Yes,Yes,Yes,Yes,Yes,Yes,1.65
Male,College of Health Sciences,Yes,100,Undergraduate,Off-campus,Yes,Occasionally,2,Yes,Yes,Yes,No,Yes,Yes,Yes,Yes,Yes,5.6
Male,College of Health Sciences,Yes,200,Undergraduate,On-campus,No,Daily,3,Yes,Yes,No,No,No,Yes,Yes,Yes,Yes,3.23
Female,College of Health Sciences,Yes,100,Undergraduate,On-campus,No,Daily,3,Yes,Yes,No,No,Yes,Yes,Yes,Yes,Yes,9.56
Female,College of Health Sciences,Yes,200,Undergraduate,Off-campus,No,Daily,3,Yes,Yes,Yes,Yes,Yes,Yes,Yes,Yes,Yes,9.66
Female,College of Health Sciences,Yes,200,Undergraduate,On-campus,Yes,Several times a week,5,No,Yes,Yes,Yes,Yes,Yes,Yes,Yes,Yes,3.56
Male,College of Health Sciences,Yes,200,Undergraduate,Off-campus,No,Daily,1,Yes,No,Yes,Yes,Yes,Yes,Yes,Yes,Yes,1.81
Male,College of Health Sciences,Yes,400,Undergraduate,On-campus,No,Daily,4,Yes,No,No,No,No,Yes,Yes,Yes,Yes,6.1
Female,College of Health Sciences,Yes,100,Undergraduate,Off-campus,No,Daily,3,Yes,Yes,No,Yes,No,Yes,Yes,Yes,Yes,1.15
Male,College of Health Sciences,Yes,100,Undergraduate,On-campus,Yes,Occasionally,4,Yes,Yes,No,Yes,Yes,Yes,Yes,Yes,Yes,14.28
Female,College of Health Sciences,Yes,400,Undergraduate,On-campus,Yes,Daily,3,No,Yes,Yes,Yes,Yes,Yes,Yes,Yes,Yes,9.25
Female,College of Health Sciences,Yes,100,Undergraduate,On-campus,No,Several times a week,3,Yes,Yes,No,Yes,Yes,Yes,Yes,Yes,Yes,5.78
Female,College of Health Sciences,Yes,200,Undergraduate,Off-campus,No,Daily,4,Yes,Yes,No,Yes,Yes,Yes,Yes,Yes,Yes,4.1
Male,College of Health Sciences,Yes,400,Undergraduate,Off-campus,Yes,Never,5,Yes,Yes,No,Yes,No,Yes,Yes,Yes,Yes,7.47
Female,College of Health Sciences,Yes,400,Undergraduate,Off-campus,No,Several times a week,2,Yes,Yes,Yes,Yes,Yes,Yes,Yes,Yes,Yes,3.22
Female,College of Health Sciences,Yes,100,Undergraduate,Off-campus,No,Occasionally,3,Yes,No,Yes,No,Yes,Yes,Yes,Yes,Yes,1.31
Female,College of Health Sciences,Yes,400,Undergraduate,Off-campus,No,Several times a week,5,Yes,No,Yes,No,Yes,Yes,Yes,Yes,Yes,3.74
Male,College of Health Sciences,Yes,300,Undergraduate,Off-campus,Yes,Several times a week,2,No,No,Yes,Yes,Yes,Yes,Yes,Yes,Yes,5.36
Male,College of Health Sciences,Yes,100,Undergraduate,On-campus,Yes,Daily,3,Yes,No,Yes,Yes,Yes,Yes,Yes,Yes,Yes,2.73
Female,College of Health Sciences,Yes,200,Undergraduate,Off-campus,Yes,Daily,1,Yes,Yes,No,No,Yes,Yes,Yes,Yes,Yes,1.56
Male,College of Health Sciences,Yes,300,Undergraduate,Off-campus,Yes,Daily,5,No,Yes,Yes,Yes,Yes,Yes,Yes,Yes,Yes,9.93
Male,College of Health Sciences,No,100,Undergraduate,Off-campus,Yes,Occasionally,3,Yes,Yes,No,No,Yes,Yes,No,Yes,No,3.35
Female,College of Health Sciences,No,400,Undergraduate,Off-campus,No,Several times a week,2,Yes,Yes,No,No,Yes,No,No,No,No,0.74
Male,College of Health Sciences,Yes,300,Undergraduate,On-campus,No,Occasionally,2,No,Yes,No,Yes,Yes,Yes,Yes,Yes,Yes,5.04
Female,College of Health Sciences,Yes,400,Undergraduate,Off-campus,No,Daily,5,Yes,Yes,Yes,No,Yes,Yes,Yes,Yes,Yes,14.03
Female,College of Health Sciences,Yes,100,Undergraduate,Off-campus,Yes,Daily,1,Yes,No,Yes,Yes,Yes,Yes,Yes,Yes,Yes,3.08
Male,College of Health Sciences,Yes,400,Undergraduate,Off-campus,Yes,Daily,1,No,Yes,No,No,Yes,Yes,Yes,Yes,Yes,1.57
Female,College of Health Sciences,Yes,300,Undergraduate,Off-campus,Yes,Daily,2,Yes,No,Yes,No,Yes,Yes,Yes,Yes,Yes,0.87
Female,College of Health Sciences,Yes,400,Undergraduate,Off-campus,Yes,Rarely,4,Yes,Yes,Yes,No,Yes,Yes,Yes,Yes,Yes,1.39
Female,College of Health Sciences,No,300,Undergraduate,Off-campus,Yes,Daily,1,Yes,No,Yes,Yes,Yes,No,No,No,Yes,6.3
Female,College of Health Sciences,Yes,100,Undergraduate,Off-campus,Yes,Daily,3,Yes,No,Yes,No,Yes,Yes,Yes,Yes,Yes,2.48
Male,College of Health Sciences,Yes,400,Undergraduate,Off-campus,No,Occasionally,2,No,Yes,Yes,Yes,Yes,Yes,Yes,Yes,Yes,1.79
Male,College of Health Sciences,Yes,200,Undergraduate,On-campus,No,Daily,4,No,Yes,No,No,Yes,Yes,Yes,Yes,Yes,4.87
Male,College of Health Sciences,Yes,300,Undergraduate,Off-campus,No,Daily,5,Yes,No,No,No,Yes,Yes,Yes,Yes,Yes,2.59
Male,College of Health Sciences,Yes,100,Undergraduate,Off-campus,No,Daily,2,Yes,Yes,Yes,No,Yes,Yes,Yes,Yes,Yes,7.57
Female,College of Health Sciences,Yes,100,Undergraduate,On-campus,Yes,Occasionally,5,Yes,Yes,No,No,Yes,Yes,Yes,Yes,Yes,1.96
Male,College of Health Sciences,Yes,300,Undergraduate,On-campus,No,Occasionally,5,Yes,Yes,Yes,Yes,Yes,Yes,Yes,Yes,Yes,0.94
Female,College of Health Sciences,Yes,300,Undergraduate,Off-campus,Yes,Daily,5,Yes,No,Yes,No,Yes,Yes,Yes,Yes,Yes,8.17
Male,College of Health Sciences,Yes,200,Distant Learning,Off-campus,No,Daily,3,No,Yes,Yes,Yes,Yes,Yes,Yes,Yes,Yes,5.97
Male,College of Health Sciences,Yes,200,Undergraduate,Off-campus,Yes,Occasionally,5,Yes,Yes,No,No,No,Yes,Yes,Yes,Yes,7.52
Female,College of Health Sciences,Yes,300,Undergraduate,Off-campus,No,Several times a week,4,No,Yes,Yes,Yes,Yes,Yes,Yes,Yes,Yes,4.91
Female,College of Health Sciences,Yes,300,Undergraduate,Off-campus,Yes,Daily,4,Yes,No,No,Yes,No,Yes,Yes,Yes,Yes,5.86
Female,College of Health Sciences,No,200,Undergraduate,Off-campus,Yes,Occasionally,4,Yes,No,Yes,No,Yes,Yes,No,Yes,Yes,9.0
Male,College of Health Sciences,Yes,200,Undergraduate,Off-campus,Yes,Daily,2,No,Yes,Yes,Yes,Yes,Yes,Yes,Yes,Yes,4.88
Female,College of Health Sciences,Yes,400,Undergraduate,Off-campus,No,Daily,1,Yes,Yes,Yes,Yes,Yes,Yes,Yes,Yes,Yes,5.82
Female,College of Health Sciences,Yes,200,Undergraduate,Off-campus,No,Daily,3,Yes,Yes,Yes,Yes,Yes,Yes,Yes,Yes,Yes,2.32
Male,College of Health Sciences,No,400,Undergraduate,Off-campus,Yes,Daily,4,No,Yes,No,No,Yes,Yes,No,No,No,0.32
Male,College of Health Sciences,Yes,400,Undergraduate,Off-campus,Yes,Several times a week,3,Yes,Yes,Yes,Yes,Yes,Yes,Yes,Yes,Yes,5.61
Male,College of Health Sciences,Yes,400,Undergraduate,Off-campus,Yes,Occasionally,1,Yes,Yes,Yes,No,Yes,Yes,Yes,Yes,Yes,3.02
Male,College of Health Sciences,No,300,Undergraduate,On-campus,Yes,Daily,2,Yes,Yes,Yes,Yes,Yes,Yes,No,No,No,5.88
Male,College of Health Sciences,Yes,100,Undergraduate,On-campus,Yes,Occasionally,1,Yes,Yes,Yes,Yes,Yes,Yes,Yes,Yes,Yes,3.69
Male,College of Health Sciences,No,100,Undergraduate,Off-campus,Yes,Several times a week,1,Yes,No,No,No,No,Yes,No,Yes,Yes,8.7
Female,College of Health Sciences,Yes,400,Undergraduate,Off-campus,No,Several times a week,2,Yes,No,No,Yes,Yes,Yes,Yes,Yes,Yes,0.58
Male,College of Health Sciences,Yes,400,Undergraduate,On-campus,No,Never,1,Yes,Yes,Yes,No,Yes,Yes,Yes,Yes,Yes,9.15
Female,College of Health Sciences,Yes,400,Undergraduate,Off-campus,Yes,Daily,5,Yes,Yes,Yes,No,Yes,Yes,Yes,Yes,Yes,5.85
Female,College of Health Sciences,Yes,300,Undergraduate,On-campus,Yes,Several times a week,1,Yes,Yes,No,No,Yes,Yes,Yes,Yes,Yes,1.5
Female,College of Health Sciences,Yes,200,Undergraduate,Off-campus,No,Daily,4,Yes,Yes,No,No,Yes,Yes,Yes,Yes,Yes,5.47
Female,College of Health Sciences,Yes,200,Undergraduate,Off-campus,No,Occasionally,3,Yes,No,No,No,No,Yes,Yes,Yes,Yes,6.9
Male,College of Health Sciences,Yes,300,Undergraduate,On-campus,No,Rarely,5,Yes,Yes,Yes,No,Yes,Yes,Yes,Yes,Yes,12.55
Male,College of Health Sciences,No,300,Undergraduate,Off-campus,No,Several times a week,2,Yes,Yes,Yes,Yes,Yes,No,Yes,Yes,No,1.5
Female,College of Health Sciences,No,200,Undergraduate,Off-campus,No,Daily,4,No,Yes,Yes,Yes,No,Yes,No,No,No,5.47
Female,College of Health Sciences,No,200,Undergraduate,Off-campus,Yes,Daily,3,Yes,Yes,No,No,No,Yes,No,No,No,5.37
Male,College of Health Sciences,No,100,Undergraduate,Off-campus,Yes,Several times a week,3,Yes,No,Yes,Yes,Yes,Yes,Yes,No,No,6.71
Male,College of Health Sciences,Yes,300,Undergraduate,Off-campus,Yes,Occasionally,1,Yes,Yes,No,No,No,Yes,Yes,Yes,Yes,2.87
Male,College of Health Sciences,Yes,100,Undergraduate,Off-campus,Yes,Daily,5,Yes,No,No,Yes,Yes,Yes,Yes,Yes,Yes,9.13
Female,College of Health Sciences,Yes,400,Undergraduate,Off-campus,Yes,Daily,4,Yes,No,No,No,Yes,Yes,Yes,Yes,Yes,11.62
Male,College of Health Sciences,Yes,100,Undergraduate,Off-campus,Yes,Daily,2,No,Yes,No,No,Yes,Yes,Yes,Yes,Yes,2.5
Female,College of Health Sciences,Yes,400,Undergraduate,Off-campus,Yes,Occasionally,5,Yes,No,No,No,Yes,Yes,Yes,Yes,Yes,8.13
Female,College of Health Sciences,Yes,300,Undergraduate,On-campus,Yes,Daily,2,No,Yes,No,No,No,Yes,Yes,Yes,Yes,1.18
Female,College of Health Sciences,No,100,Undergraduate,Off-campus,No,Daily,3,Yes,Yes,Yes,No,Yes,No,No,Yes,No,1.49
Male,College of Health Sciences,Yes,300,Undergraduate,On-campus,No,Daily,4,No,Yes,No,No,Yes,Yes,Yes,Yes,Yes,1.72
Female,College of Health Sciences,Yes,100,Undergraduate,Off-campus,Yes,Daily,2,Yes,No,No,Yes,Yes,Yes,Yes,Yes,Yes,7.48
Male,College of Health Sciences,Yes,400,Undergraduate,Off-campus,Yes,Never,2,Yes,No,No,No,Yes,Yes,Yes,Yes,Yes,12.1
Female,College of Health Sciences,Yes,200,Undergraduate,On-campus,Yes,Daily,5,Yes,Yes,No,Yes,Yes,Yes,Yes,Yes,Yes,6.26
Male,College of Health Sciences,No,400,Undergraduate,Off-campus,No,Daily,1,No,Yes,Yes,Yes,Yes,Yes,Yes,No,Yes,2.28
Male,College of Health Sciences,Yes,400,Undergraduate,On-campus,Yes,Occasionally,2,Yes,No,Yes,Yes,Yes,Yes,Yes,Yes,Yes,9.39
Female,College of Health Sciences,Yes,100,Undergraduate,Off-campus,Yes,Daily,3,Yes,Yes,Yes,No,No,Yes,Yes,Yes,Yes,7.43
Male,College of Health Sciences,Yes,100,Undergraduate,Off-campus,Yes,Daily,3,No,Yes,Yes,No,Yes,Yes,Yes,Yes,Yes,2.47
Female,College of Health Sciences,Yes,300,Undergraduate,Off-campus,No,Occasionally,4,Yes,Yes,Yes,Yes,No,Yes,Yes,Yes,Yes,1.22
Male,College of Health Sciences,Yes,300,Undergraduate,Off-campus,No,Daily,1,Yes,No,Yes,No,Yes,Yes,Yes,Yes,Yes,5.94
Male,College of Health Sciences,Yes,400,Undergraduate,On-campus,No,Daily,5,Yes,Yes,Yes,Yes,Yes,Yes,Yes,Yes,Yes,0.01
Female,College of Health Sciences,Yes,100,Undergraduate,On-campus,No,Occasionally,3,No,Yes,Yes,Yes,Yes,Yes,Yes,Yes,Yes,9.42
Female,College of Health Sciences,Yes,200,Undergraduate,On-campus,No,Daily,1,Yes,Yes,Yes,No,Yes,Yes,Yes,Yes,Yes,2.27
Male,College of Health Sciences,Yes,400,Undergraduate,Off-campus,Yes,Occasionally,4,Yes,No,Yes,Yes,Yes,Yes,Yes,Yes,Yes,1.23
Male,College of Health Sciences,No,300,Undergraduate,On-campus,No,Daily,3,Yes,Yes,No,Yes,Yes,No,No,Yes,No,5.14
Female,College of Health Sciences,Yes,100,Undergraduate,Off-campus,No,Several times a week,3,Yes,Yes,No,No,Yes,Yes,Yes,Yes,Yes,6.77
Female,College of Health Sciences,Yes,400,Undergraduate,Off-campus,No,Daily,4,Yes,Yes,No,No,No,Yes,Yes,Yes,Yes,2.05
Male,College of Health Sciences,No,100,Undergraduate,On-campus,Yes,Occasionally,1,Yes,Yes,Yes,No,Yes,No,Yes,Yes,No,1.78
Male,College of Health Sciences,Yes,200,Undergraduate,On-campus,No,Daily,5,Yes,Yes,Yes,Yes,Yes,Yes,Yes,Yes,Yes,4.91
Female,College of Health Sciences,No,300,Undergraduate,Off-campus,No,Several times a week,3,Yes,Yes,No,No,Yes,Yes,No,Yes,Yes,1.08
Male,College of Health Sciences,Yes,100,Undergraduate,Off-campus,Yes,Never,1,Yes,Yes,Yes,No,Yes,Yes,Yes,Yes,Yes,8.28
Male,College of Health Sciences,Yes,400,Undergraduate,Off-campus,Yes,Daily,3,Yes,Yes,Yes,Yes,Yes,Yes,Yes,Yes,Yes,1.07
Female,College of Health Sciences,Yes,100,Undergraduate,Off-campus,Yes,Never,3,Yes,Yes,No,Yes,No,Yes,Yes,Yes,Yes,3.04
Female,College of Health Sciences,Yes,100,Undergraduate,Off-campus,No,Daily,4,Yes,Yes,Yes,No,Yes,Yes,Yes,Yes,Yes,2.22
Female,College of Health Sciences,Yes,100,Undergraduate,Off-campus,Yes,Daily,4,Yes,Yes,No,Yes,Yes,Yes,Yes,Yes,Yes,5.7
Male,College of Health Sciences,Yes,400,Undergraduate,Off-campus,Yes,Several times a week,4,Yes,Yes,Yes,Yes,Yes,Yes,Yes,Yes,Yes,8.26
Female,College of Health Sciences,Yes,300,Undergraduate,Off-campus,Yes,Several times a week,1,Yes,Yes,No,No,Yes,Yes,Yes,Yes,Yes,1.57
Male,College of Health Sciences,Yes,100,Undergraduate,Off-campus,No,Daily,3,Yes,No,No,Yes,Yes,Yes,Yes,Yes,Yes,13.74
Male,College of Health Sciences,Yes,100,Undergraduate,Off-campus,Yes,Daily,4,No,Yes,Yes,No,Yes,Yes,Yes,Yes,Yes,5.24
Male,College of Health Sciences,No,100,Undergraduate,Off-campus,No,Daily,3,Yes,No,No,No,No,Yes,Yes,No,No,5.25
Male,College of Health Sciences,Yes,200,Undergraduate,Off-campus,No,Daily,2,Yes,No,No,Yes,Yes,Yes,Yes,Yes,Yes,2.85
Male,College of Health Sciences,Yes,200,Undergraduate,On-campus,No,Rarely,1,No,No,Yes,Yes,Yes,Yes,Yes,Yes,Yes,2.64
Female,College of Health Sciences,Yes,200,Undergraduate,Off-campus,Yes,Daily,4,Yes,Yes,No,Yes,Yes,Yes,Yes,Yes,Yes,1.55
Male,College of Health Sciences,Yes,200,Undergraduate,Off-campus,No,Daily,1,No,Yes,No,Yes,Yes,Yes,Yes,Yes,Yes,3.63
Female,College of Health Sciences,Yes,100,Undergraduate,On-campus,No,Several times a week,1,Yes,Yes,Yes,Yes,Yes,Yes,Yes,Yes,Yes,5.84
Female,College of Health Sciences,Yes,300,Undergraduate,On-campus,No,Occasionally,4,Yes,Yes,No,Yes,Yes,Yes,Yes,Yes,Yes,3.65
Male,College of Health Sciences,Yes,300,Undergraduate,Off-campus,No,Several times a week,4,Yes,Yes,No,No,Yes,Yes,Yes,Yes,Yes,2.84
Male,College of Health Sciences,Yes,400,Undergraduate,Off-campus,No,Several times a week,4,No,No,No,No,Yes,Yes,Yes,Yes,Yes,0.48
Male,College of Health Sciences,Yes,300,Undergraduate,Off-campus,No,Occasionally,4,No,Yes,No,Yes,Yes,Yes,Yes,Yes,Yes,0.86
Male,College of Health Sciences,Yes,200,Undergraduate,Off-campus,Yes,Daily,2,Yes,Yes,No,No,No,Yes,Yes,Yes,Yes,0.87
Male,College of Health Sciences,Yes,400,Undergraduate,Off-campus,Yes,Occasionally,4,Yes,No,No,No,Yes,Yes,Yes,Yes,Yes,5.76
Male,College of Health Sciences,Yes,400,Undergraduate,Off-campus,No,Occasionally,3,Yes,Yes,Yes,No,Yes,Yes,Yes,Yes,Yes,7.77
Male,College of Health Sciences,Yes,400,Undergraduate,On-campus,No,Never,5,Yes,Yes,No,Yes,Yes,Yes,Yes,Yes,Yes,9.22
Male,College of Health Sciences,Yes,200,Undergraduate,Off-campus,No,Occasionally,2,No,Yes,No,No,Yes,Yes,Yes,Yes,Yes,6.02
